Rk,Player,Pos,Age,Tm,G,GS,MP,FG,FGA,FG%,3P,3PA,3P%,2P,2PA,2P%,eFG%,FT,FTA,FT%,ORB,DRB,TRB,AST,STL,BLK,TOV,PF,PTS
1,Quincy Acy,PF,25,SAC,57,29,831,114,200,.570,18,43,.419,96,157,.611,.615,42,56,.750,64,115,179,24,26,21,23,101,288
2,Jordan Adams,SG,21,MEM,2,0,15,2,6,.333,0,1,.000,2,5,.400,.333,3,5,.600,0,2,2,3,3,0,2,2,7
3,Steven Adams,C,22,OKC,78,78,1952,248,409,.606,0,0,,248,409,.606,.606,110,188,.585,206,303,509,60,40,86,82,216,606
4,Arron Afflalo,SG,30,NYK,70,57,2345,349,788,.443,88,233,.378,261,555,.470,.499,110,131,.840,23,242,265,142,24,10,81,141,896
5,Alexis Ajinca,C,27,NOP,59,17,861,150,315,.476,0,1,.000,150,314,.478,.476,52,62,.839,75,194,269,31,19,36,54,134,352
6,Cole Aldrich,C,27,LAC,58,4,760,127,218,.583,0,0,,127,218,.583,.583,54,78,.692,84,190,274,48,45,62,63,135,308
7,LaMarcus Aldridge,PF,30,SAS,73,73,2242,534,1040,.513,0,16,.000,534,1024,.521,.513,255,296,.861,175,452,627,110,38,80,98,150,1323
8,Cliff Alexander,PF,20,POR,8,0,36,5,10,.500,0,0,,5,10,.500,.500,0,0,,2,4,6,0,1,2,1,1,10
9,Lavoy Allen,PF,26,IND,77,26,1555,182,353,.516,0,0,,182,353,.516,.516,46,73,.630,156,257,413,75,26,41,69,142,410
10,Tony Allen,SF,34,MEM,64,57,1620,215,469,.458,15,42,.357,200,427,.468,.474,90,138,.652,104,192,296,70,110,18,78,175,535
11,Al-Farouq Aminu,SF,25,POR,81,81,2322,296,713,.415,124,344,.360,172,369,.466,.502,113,154,.734,97,399,496,138,71,53,119,168,829
12,Lou Amundson,PF,33,NYK,28,0,197,19,51,.373,0,0,,19,51,.373,.373,12,25,.480,21,26,47,12,6,7,15,42,50
13,Chris Andersen,C,37,TOT,25,13,373,34,65,.523,4,12,.333,30,53,.566,.554,25,36,.694,34,58,92,12,13,13,8,29,97
13,Chris Andersen,C,37,MIA,7,1,36,4,10,.400,2,5,.400,2,5,.400,.500,3,4,.750,3,6,9,3,1,3,2,4,13
13,Chris Andersen,C,37,MEM,18,12,337,30,55,.545,2,7,.286,28,48,.583,.564,22,32,.688,31,52,83,9,12,10,6,25,84
14,Alan Anderson,SG,33,WAS,11,0,162,18,47,.383,11,32,.344,7,15,.467,.500,11,15,.733,1,22,23,10,3,1,2,19,58
15,James Anderson,SG,26,SAC,49,14,660,58,158,.367,22,78,.282,36,80,.450,.437,18,21,.857,12,64,76,34,17,13,33,50,156
16,Justin Anderson,SG,22,DAL,53,8,603,67,166,.404,21,78,.269,46,88,.523,.467,42,53,.792,17,107,124,25,18,23,24,40,197
17,Kyle Anderson,SF,22,SAS,76,10,1194,131,281,.466,11,36,.306,120,245,.490,.486,58,78,.744,24,205,229,119,53,29,58,95,331
18,Ryan Anderson,PF,27,NOP,66,7,2008,397,929,.427,131,358,.366,266,571,.466,.498,199,228,.873,131,265,396,73,38,25,90,109,1124
19,Giannis Antetokounmpo,SF,21,MIL,78,77,2757,501,992,.505,26,102,.255,475,890,.534,.518,292,403,.725,109,485,594,337,93,109,199,251,1320
20,Thanasis Antetokounmpo,SF,23,NYK,2,0,6,3,4,.750,0,1,.000,3,3,1.000,.750,0,0,,0,1,1,0,0,0,0,2,6
Rk,Player,Pos,Age,Tm,G,GS,MP,FG,FGA,FG%,3P,3PA,3P%,2P,2PA,2P%,eFG%,FT,FTA,FT%,ORB,DRB,TRB,AST,STL,BLK,TOV,PF,PTS
21,Carmelo Anthony,SF,31,NYK,72,72,2530,567,1307,.434,105,310,.339,462,997,.463,.474,334,403,.829,98,458,556,299,62,38,176,180,1573
22,Joel Anthony,C,33,DET,18,0,70,3,7,.429,0,0,,3,7,.429,.429,5,6,.833,7,10,17,1,2,4,2,13,11
23,Keith Appling,PG,23,ORL,5,0,27,2,8,.250,0,3,.000,2,5,.400,.250,2,2,1.000,0,1,1,1,1,0,3,5,6
24,Trevor Ariza,SF,30,HOU,79,79,2808,347,839,.414,182,490,.371,165,349,.473,.522,124,159,.780,65,293,358,184,159,26,110,174,1000
25,Darrell Arthur,PF,27,DEN,70,16,1516,221,489,.452,45,117,.385,176,372,.473,.498,40,53,.755,86,207,293,96,53,48,66,185,527
26,Omer Asik,C,29,NOP,66,62,1122,88,174,.506,0,0,,88,174,.506,.506,55,102,.539,115,281,396,24,17,23,57,122,231
27,D.J. Augustin,PG,28,TOT,61,0,1163,146,344,.424,68,166,.410,78,178,.438,.523,103,127,.811,8,86,94,195,37,3,83,83,463
27,D.J. Augustin,PG,28,OKC,34,0,519,46,121,.380,24,61,.393,22,60,.367,.479,26,34,.765,5,38,43,66,13,2,30,41,142
27,D.J. Augustin,PG,28,DEN,27,0,644,100,223,.448,44,105,.419,56,118,.475,.547,77,93,.828,3,48,51,129,24,1,53,42,321
28,Jeff Ayres,C,28,LAC,15,0,82,9,15,.600,0,1,.000,9,14,.643,.600,4,4,1.000,4,12,16,3,0,3,4,13,22
29,Luke Babbitt,SF,26,NOP,46,12,810,120,279,.430,44,107,.411,76,172,.442,.509,36,47,.766,21,122,143,49,11,7,20,87,320
30,Cameron Bairstow,C,25,CHI,18,2,103,13,40,.325,1,5,.200,12,35,.343,.338,7,8,.875,4,24,28,6,2,3,4,19,34
31,Leandro Barbosa,SG,33,GSW,67,0,1061,169,365,.463,38,108,.352,131,257,.510,.515,52,62,.839,27,84,111,81,44,9,51,106,428
32,J.J. Barea,PG,31,DAL,73,15,1639,315,700,.450,99,254,.390,216,446,.484,.521,74,96,.771,25,122,147,298,23,2,110,109,803
33,Andrea Bargnani,C,30,BRK,46,0,634,127,279,.455,3,16,.188,124,263,.471,.461,47,57,.825,28,69,97,18,4,9,26,61,304
34,Harrison Barnes,SF,23,GSW,65,58,2011,289,623,.464,80,209,.383,209,414,.505,.528,101,132,.765,77,242,319,116,41,10,55,134,759
35,Matt Barnes,SF,35,MEM,74,43,2132,259,674,.384,119,361,.330,140,313,.447,.473,108,132,.818,82,328,410,157,76,57,116,230,745
36,Will Barton,SG,25,DEN,81,1,2328,422,975,.433,111,320,.347,311,655,.475,.490,215,267,.805,59,415,474,201,71,39,139,147,1170
37,Brandon Bass,PF,30,LAL,66,0,1342,174,317,.549,0,2,.000,174,315,.552,.549,125,148,.845,104,181,285,74,33,55,42,125,473
38,Nicolas Batum,SG,27,CHO,69,69,2430,369,867,.426,139,396,.351,230,471,.488,.506,163,192,.849,55,370,425,398,64,43,204,114,1040
39,Jerryd Bayless,SG,27,MIL,52,18,1505,185,437,.423,101,231,.437,84,206,.408,.539,70,90,.778,21,120,141,163,47,11,73,111,541
40,Aron Baynes,C,29,DET,79,0,1190,187,371,.504,0,2,.000,187,369,.507,.504,121,159,.761,136,240,376,50,21,51,62,147,495
Rk,Player,Pos,Age,Tm,G,GS,MP,FG,FGA,FG%,3P,3PA,3P%,2P,2PA,2P%,eFG%,FT,FTA,FT%,ORB,DRB,TRB,AST,STL,BLK,TOV,PF,PTS
41,Kent Bazemore,SF,26,ATL,73,66,2035,311,703,.442,104,293,.355,207,410,.505,.516,119,147,.810,28,337,365,166,93,37,131,170,845
42,Bradley Beal,SG,22,WAS,55,35,1708,359,799,.449,105,271,.387,254,528,.481,.515,135,176,.767,41,147,188,162,54,11,112,117,958
43,Michael Beasley,SF,27,HOU,18,0,340,102,196,.520,3,9,.333,99,187,.529,.528,34,44,.773,29,62,91,13,10,8,22,38,241
44,Marco Belinelli,SG,29,SAC,68,7,1672,245,635,.386,91,297,.306,154,338,.456,.457,115,138,.833,10,107,117,127,37,2,80,91,696
45,Anthony Bennett,PF,22,TOR,19,0,84,8,27,.296,3,14,.214,5,13,.385,.352,9,10,.900,6,17,23,0,5,0,4,8,28
46,Patrick Beverley,PG,27,HOU,69,61,1973,251,580,.433,122,303,.403,129,277,.466,.538,56,82,.683,71,170,241,223,87,24,90,229,680
47,Bismack Biyombo,C,23,TOR,80,22,1774,149,277,.538,0,1,.000,149,276,.540,.538,139,222,.626,176,467,643,28,19,130,71,222,437
48,Nemanja Bjelica,PF,27,MIN,58,0,1027,103,223,.462,45,119,.378,58,104,.558,.563,36,51,.706,45,148,193,79,23,20,44,145,287
49,Tarik Black,C,24,LAL,37,0,466,54,99,.545,0,0,,54,99,.545,.545,18,43,.419,41,106,147,15,14,17,20,71,126
50,DeJuan Blair,C,26,WAS,29,0,218,28,68,.412,0,1,.000,28,67,.418,.412,5,13,.385,20,37,57,11,8,2,15,53,61
51,Steve Blake,PG,35,DET,56,0,930,84,226,.372,49,145,.338,35,81,.432,.480,14,18,.778,9,77,86,187,22,4,76,68,231
52,Eric Bledsoe,PG,26,PHO,31,31,1059,223,492,.453,48,129,.372,175,363,.482,.502,138,172,.802,18,107,125,190,63,19,110,75,632
53,Bojan Bogdanovic,SF,26,BRK,77,37,2047,306,719,.426,119,322,.370,187,397,.471,.508,107,128,.836,35,209,244,96,27,5,110,114,838
54,Andrew Bogut,C,31,GSW,69,65,1432,173,277,.625,1,1,1.000,172,276,.623,.626,24,50,.480,120,368,488,161,32,112,81,218,371
55,Matt Bonner,C,35,SAS,29,1,183,27,51,.529,13,30,.433,14,21,.667,.657,3,4,.750,3,23,26,8,6,0,3,14,70
56,Devin Booker,SG,19,PHO,74,49,2048,355,833,.426,97,279,.348,258,554,.466,.484,207,248,.835,26,155,181,194,42,18,151,218,1014
57,Trevor Booker,PF,28,UTA,77,2,1579,182,376,.484,11,40,.275,171,336,.509,.499,71,104,.683,164,281,445,80,58,40,80,163,446
58,Chris Bosh,PF,31,MIA,53,53,1778,358,767,.467,81,222,.365,277,545,.508,.520,213,268,.795,48,342,390,128,36,34,78,101,1010
59,Avery Bradley,SG,25,BOS,74,70,2481,441,995,.443,143,400,.358,298,595,.501,.515,96,123,.780,47,164,211,157,116,19,107,158,1121
60,Elton Brand,PF,36,PHI,17,1,225,31,72,.431,0,1,.000,31,71,.437,.431,8,9,.889,9,54,63,18,9,8,11,32,70
Rk,Player,Pos,Age,Tm,G,GS,MP,FG,FGA,FG%,3P,3PA,3P%,2P,2PA,2P%,eFG%,FT,FTA,FT%,ORB,DRB,TRB,AST,STL,BLK,TOV,PF,PTS
61,Corey Brewer,SF,29,HOU,80,12,1636,210,547,.384,61,221,.276,149,326,.457,.440,105,139,.755,42,156,198,104,82,18,74,165,586
62,Aaron Brooks,PG,31,CHI,67,0,1084,186,463,.402,64,182,.352,122,281,.434,.471,49,64,.766,21,79,100,178,30,9,81,127,485
63,Anthony Brown,SF,23,LAL,29,11,599,39,126,.310,20,70,.286,19,56,.339,.389,17,20,.850,9,61,70,19,14,5,15,34,115
64,Lorenzo Brown,PG,25,PHO,8,0,61,8,25,.320,1,8,.125,7,17,.412,.340,3,4,.750,0,7,7,11,3,1,9,4,20
65,Markel Brown,SG,24,BRK,60,6,922,120,297,.404,37,113,.327,83,184,.451,.466,71,94,.755,21,91,112,87,38,12,52,92,348
66,Kobe Bryant,SF,37,LAL,64,64,1802,372,1051,.354,124,437,.284,248,614,.404,.413,220,267,.824,41,201,242,180,60,12,125,112,1088
67,Chase Budinger,SF,27,TOT,64,2,904,101,233,.433,24,85,.282,77,148,.520,.485,39,56,.696,40,105,145,61,30,10,43,60,265
67,Chase Budinger,SF,27,IND,49,2,729,81,194,.418,20,69,.290,61,125,.488,.469,34,48,.708,31,90,121,49,29,9,31,46,216
67,Chase Budinger,SF,27,PHO,15,0,175,20,39,.513,4,16,.250,16,23,.696,.564,5,8,.625,9,15,24,12,1,1,12,14,49
68,Reggie Bullock,SF,24,DET,35,0,378,37,87,.425,19,48,.396,18,39,.462,.534,12,13,.923,14,45,59,22,9,2,7,26,105
69,Trey Burke,PG,23,UTA,64,0,1366,262,634,.413,88,256,.344,174,378,.460,.483,67,82,.817,18,94,112,148,35,6,80,86,679
70,Alec Burks,SG,24,UTA,30,3,787,137,334,.410,32,79,.405,105,255,.412,.458,106,141,.752,16,90,106,61,16,4,50,71,412
71,Caron Butler,SF,35,SAC,16,1,158,22,51,.431,2,16,.125,20,35,.571,.451,10,12,.833,5,15,20,9,9,0,3,19,56
72,Jimmy Butler,SG,26,CHI,65,65,2419,458,1011,.453,63,205,.307,395,806,.490,.484,387,465,.832,74,269,343,300,110,41,125,122,1366
73,Rasual Butler,SF,36,SAS,46,0,432,49,104,.471,15,49,.306,34,55,.618,.543,11,16,.688,3,53,56,24,13,23,8,11,124
74,Bruno Caboclo,SF,20,TOR,5,0,8,0,3,.000,0,0,,0,3,.000,.000,0,0,,0,1,1,0,1,0,1,0,0
75,Jose Calderon,PG,34,NYK,72,72,2024,209,455,.459,84,203,.414,125,252,.496,.552,42,48,.875,22,207,229,299,63,7,87,135,544
76,Kentavious Caldwell-Pope,SG,22,DET,75,75,2753,396,943,.420,112,364,.308,284,579,.491,.479,184,226,.814,69,210,279,138,107,17,103,166,1088
77,Isaiah Canaan,PG,24,PHI,77,39,1966,260,722,.360,176,485,.363,84,237,.354,.482,150,180,.833,20,154,174,137,56,12,91,133,846
78,Clint Capela,C,21,HOU,75,35,1432,223,384,.581,0,1,.000,223,383,.582,.581,80,207,.386,187,280,467,46,58,88,58,186,526
79,DeMarre Carroll,SF,29,TOR,25,22,766,102,263,.388,44,113,.389,58,150,.387,.471,30,50,.600,28,88,116,25,43,6,27,61,278
80,Vince Carter,SG,39,MEM,58,1,968,129,328,.393,55,165,.333,74,163,.454,.477,70,84,.833,31,112,143,54,37,16,34,99,383
Rk,Player,Pos,Age,Tm,G,GS,MP,FG,FGA,FG%,3P,3PA,3P%,2P,2PA,2P%,eFG%,FT,FTA,FT%,ORB,DRB,TRB,AST,STL,BLK,TOV,PF,PTS
81,Michael Carter-Williams,PG,24,MIL,54,37,1649,251,555,.452,15,55,.273,236,500,.472,.466,106,162,.654,48,228,276,281,80,41,153,162,623
82,Omri Casspi,SF,27,SAC,69,21,1880,299,622,.481,112,274,.409,187,348,.537,.571,103,159,.648,58,352,410,95,56,17,94,154,813
83,Willie Cauley-Stein,C,22,SAC,64,37,1341,184,320,.575,0,2,.000,184,318,.579,.575,78,121,.645,130,207,337,31,44,64,41,139,446
84,Mario Chalmers,PG,29,TOT,61,7,1373,182,444,.410,46,149,.309,136,295,.461,.462,218,262,.832,24,133,157,230,88,13,111,181,628
84,Mario Chalmers,PG,29,MIA,6,0,120,10,32,.313,1,11,.091,9,21,.429,.328,12,13,.923,1,13,14,19,8,1,9,16,33
84,Mario Chalmers,PG,29,MEM,55,7,1253,172,412,.417,45,138,.326,127,274,.464,.472,206,249,.827,23,120,143,211,80,12,102,165,595
85,Tyson Chandler,C,33,PHO,66,60,1618,183,314,.583,0,1,.000,183,313,.585,.583,106,171,.620,175,401,576,64,36,44,93,145,472
86,Ian Clark,SG,24,GSW,66,1,578,89,202,.441,30,84,.357,59,118,.500,.515,28,34,.824,13,55,68,64,17,13,43,58,236
87,Coty Clarke,SF,23,BOS,3,0,6,2,4,.500,2,2,1.000,0,2,.000,.750,0,0,,0,1,1,0,0,0,1,0,6
88,Jordan Clarkson,SG,23,LAL,77,77,2484,467,1074,.435,110,310,.355,357,764,.467,.486,158,198,.798,90,214,304,187,87,7,131,165,1202
89,Norris Cole,PG,27,NOP,45,23,1198,196,484,.405,33,102,.324,163,382,.427,.439,52,65,.800,10,141,151,167,37,5,75,102,477
90,Darren Collison,PG,28,SAC,74,15,2219,377,776,.486,87,217,.401,290,559,.519,.542,194,226,.858,28,141,169,318,76,4,130,142,1035
91,Nick Collison,PF,35,OKC,57,3,657,46,104,.442,0,2,.000,46,102,.451,.442,23,33,.697,65,97,162,47,13,15,46,101,115
92,Mike Conley,PG,28,MEM,56,56,1760,294,696,.422,78,215,.363,216,481,.449,.478,191,229,.834,26,138,164,342,67,16,84,100,857
93,Pat Connaughton,SG,23,POR,33,0,115,12,43,.279,4,17,.235,8,26,.308,.326,5,5,1.000,8,16,24,9,2,0,9,4,33
94,Chris Copeland,PF,31,MIL,24,1,156,17,51,.333,10,36,.278,7,15,.467,.431,6,7,.857,1,9,10,11,2,0,6,17,50
95,Bryce Cotton,PG,23,TOT,6,0,34,3,9,.333,0,3,.000,3,6,.500,.333,0,0,,0,0,0,3,3,0,5,2,6
95,Bryce Cotton,PG,23,PHO,3,0,33,2,8,.250,0,3,.000,2,5,.400,.250,0,0,,0,0,0,3,3,0,5,2,4
95,Bryce Cotton,PG,23,MEM,3,0,1,1,1,1.000,0,0,,1,1,1.000,1.000,0,0,,0,0,0,0,0,0,0,0,2
96,DeMarcus Cousins,C,25,SAC,65,65,2246,601,1332,.451,70,210,.333,531,1122,.473,.477,476,663,.718,158,589,747,214,101,92,249,236,1748
97,Robert Covington,SF,25,PHI,65,47,1827,260,683,.381,158,459,.344,102,224,.455,.496,129,164,.787,64,346,410,92,104,39,138,226,807
98,Allen Crabbe,SG,23,POR,80,8,2080,307,671,.458,110,282,.390,197,389,.506,.539,92,106,.868,26,187,213,97,62,16,64,192,816
99,Jamal Crawford,SG,35,LAC,79,5,2126,379,939,.404,117,344,.340,262,595,.440,.466,245,271,.904,20,125,145,183,52,12,113,122,1120
100,Jae Crowder,SF,25,BOS,71,71,2251,353,796,.443,121,358,.338,232,438,.530,.519,196,239,.820,67,298,365,133,126,34,82,193,1023
Rk,Player,Pos,Age,Tm,G,GS,MP,FG,FGA,FG%,3P,3PA,3P%,2P,2PA,2P%,eFG%,FT,FTA,FT%,ORB,DRB,TRB,AST,STL,BLK,TOV,PF,PTS
101,Dante Cunningham,SF,28,NOP,78,44,1901,175,389,.450,53,167,.317,122,222,.550,.518,54,78,.692,57,178,235,73,42,33,40,166,457
102,Jared Cunningham,SG,24,TOT,44,3,410,36,105,.343,12,39,.308,24,66,.364,.400,36,55,.655,3,35,38,20,14,2,21,41,120
102,Jared Cunningham,SG,24,CLE,40,3,355,32,91,.352,10,32,.313,22,59,.373,.407,30,48,.625,3,26,29,19,12,2,18,37,104
102,Jared Cunningham,SG,24,MIL,4,0,55,4,14,.286,2,7,.286,2,7,.286,.357,6,7,.857,0,9,9,1,2,0,3,4,16
103,Seth Curry,PG,25,SAC,42,7,613,91,192,.474,44,93,.473,47,99,.475,.589,43,51,.843,8,43,51,47,19,3,29,37,269
104,Stephen Curry,PG,27,GSW,78,78,2670,790,1574,.502,392,867,.452,398,707,.563,.626,357,394,.906,67,359,426,521,167,15,260,159,2329
105,Troy Daniels,SG,24,CHO,41,0,432,80,172,.465,53,111,.477,27,61,.443,.619,5,9,.556,7,46,53,17,10,3,21,37,218
106,Anthony Davis,PF,22,NOP,61,61,2164,560,1136,.493,35,108,.324,525,1028,.511,.508,326,430,.758,130,497,627,116,78,125,121,148,1481
107,Ed Davis,PF,26,POR,80,0,1660,202,330,.612,0,0,,202,330,.612,.612,113,200,.565,220,370,590,86,56,72,61,199,517
108,Branden Dawson,PF,22,LAC,5,0,22,1,3,.333,0,0,,1,3,.333,.333,0,0,,2,2,4,0,0,1,0,2,2
109,Dewayne Dedmon,C,26,ORL,56,19,674,91,164,.555,0,0,,91,164,.555,.555,52,70,.743,64,152,216,13,19,41,30,102,234
110,Bryce Dejean-Jones,SG,23,NOP,14,11,279,28,69,.406,12,32,.375,16,37,.432,.493,11,21,.524,8,40,48,15,10,2,11,17,79
111,Sam Dekker,SF,21,HOU,3,0,6,0,0,,0,0,,0,0,,,0,0,,0,1,1,0,1,0,0,0,0
112,Matthew Dellavedova,SG,25,CLE,74,13,1841,200,498,.402,97,235,.413,103,263,.392,.499,56,65,.862,32,125,157,332,44,9,116,176,553
113,Luol Deng,SF,30,MIA,72,71,2317,330,726,.455,85,245,.347,245,481,.509,.513,143,190,.753,105,320,425,136,74,27,77,118,888
114,DeMar DeRozan,SG,26,TOR,77,77,2781,610,1367,.446,47,138,.341,563,1229,.458,.463,553,651,.849,62,280,342,309,80,21,172,167,1820
115,Boris Diaw,PF,33,SAS,75,4,1365,200,379,.528,25,68,.368,175,311,.563,.561,56,76,.737,57,174,231,169,26,21,92,99,481
116,Gorgui Dieng,C,26,MIN,80,37,2162,297,563,.528,4,18,.222,293,545,.538,.531,196,238,.824,152,418,570,138,93,94,139,214,794
117,Spencer Dinwiddie,PG,22,DET,10,0,115,14,37,.378,1,7,.143,13,30,.433,.392,11,19,.579,1,9,10,14,3,0,7,17,40
118,Toney Douglas,PG,29,NOP,59,16,1187,169,419,.403,76,192,.396,93,227,.410,.494,74,89,.831,22,115,137,149,65,5,61,128,488
119,Goran Dragic,SG,29,MIA,70,70,2304,400,844,.474,64,202,.317,336,642,.523,.512,120,165,.727,50,220,270,412,69,15,183,179,984
120,Andre Drummond,C,22,DET,80,80,2633,548,1049,.522,2,6,.333,546,1043,.523,.523,207,582,.356,386,794,1180,67,117,111,153,241,1305
Rk,Player,Pos,Age,Tm,G,GS,MP,FG,FGA,FG%,3P,3PA,3P%,2P,2PA,2P%,eFG%,FT,FTA,FT%,ORB,DRB,TRB,AST,STL,BLK,TOV,PF,PTS
121,Jared Dudley,PF,30,WAS,79,39,2042,224,473,.474,99,233,.425,125,240,.521,.578,69,94,.734,50,224,274,162,72,18,79,185,616
122,Tim Duncan,C,39,SAS,60,59,1502,210,427,.492,0,2,.000,210,425,.494,.492,90,127,.709,111,327,438,160,47,77,89,123,510
123,Mike Dunleavy,SF,35,CHI,30,29,681,72,181,.398,38,97,.392,34,84,.405,.503,28,36,.778,8,73,81,38,13,9,26,65,210
124,Kevin Durant,SF,27,OKC,71,71,2550,687,1363,.504,180,469,.384,507,894,.567,.570,441,492,.896,45,539,584,358,68,84,248,135,1995
125,Cleanthony Early,SF,24,NYK,16,1,123,9,33,.273,3,12,.250,6,21,.286,.318,3,4,.750,3,20,23,6,2,3,7,14,24
126,Jarell Eddie,SF,24,WAS,24,0,105,15,47,.319,13,38,.342,2,9,.222,.457,6,6,1.000,1,13,14,3,3,1,1,4,49
127,Wayne Ellington,SG,28,BRK,74,39,1575,215,544,.395,95,260,.365,120,284,.423,.483,51,60,.850,20,151,171,76,46,5,45,79,576
128,Monta Ellis,SG,30,IND,80,80,2710,433,1014,.427,86,279,.308,347,735,.472,.469,161,204,.789,42,229,271,380,147,37,201,174,1113
129,James Ennis,SF,25,TOT,20,3,249,34,79,.430,15,39,.385,19,40,.475,.525,19,27,.704,18,17,35,17,14,4,18,21,102
129,James Ennis,SF,25,MIA,3,0,7,0,0,,0,0,,0,0,,,0,0,,0,0,0,1,0,0,0,1,0
129,James Ennis,SF,25,MEM,10,0,40,4,13,.308,2,8,.250,2,5,.400,.385,6,10,.600,4,3,7,2,4,2,2,1,16
129,James Ennis,SF,25,NOP,7,3,202,30,66,.455,13,31,.419,17,35,.486,.553,13,17,.765,14,14,28,14,10,2,16,19,86
130,Tyler Ennis,PG,21,MIL,44,7,602,77,178,.433,12,38,.316,65,140,.464,.466,25,34,.735,13,58,71,88,22,1,40,59,191
131,Jeremy Evans,SF,28,DAL,30,2,251,26,48,.542,4,16,.250,22,32,.688,.583,15,21,.714,11,43,54,2,6,9,7,19,71
132,Tyreke Evans,PG,26,NOP,25,25,765,136,314,.433,33,85,.388,103,229,.450,.486,74,93,.796,20,109,129,164,32,8,73,66,379
133,Festus Ezeli,C,26,GSW,45,13,757,123,225,.547,0,0,,123,225,.547,.547,70,132,.530,89,162,251,32,18,49,38,94,316
134,Kenneth Faried,PF,26,DEN,66,64,1675,345,617,.559,0,1,.000,345,616,.560,.559,133,217,.613,230,343,573,79,31,58,89,166,823
135,Jordan Farmar,PG,29,MEM,10,8,243,36,84,.429,15,39,.385,21,45,.467,.518,10,10,1.000,2,16,18,31,12,2,15,18,97
136,Derrick Favors,PF,24,UTA,61,59,1955,413,800,.516,0,4,.000,413,796,.519,.516,179,252,.710,168,332,500,94,73,90,103,150,1005
137,Cristiano Felicio,C,23,CHI,29,2,265,32,56,.571,0,2,.000,32,54,.593,.571,19,29,.655,25,62,87,22,6,11,11,26,83
138,Raymond Felton,PG,31,DAL,78,31,2133,265,657,.403,58,207,.280,207,450,.460,.447,143,169,.846,35,215,250,282,66,15,118,135,731
139,Evan Fournier,SF,23,ORL,77,69,2495,416,902,.461,151,378,.399,265,524,.506,.545,195,234,.833,32,186,218,206,93,2,129,211,1178
140,Randy Foye,SG,32,TOT,79,8,1613,163,466,.350,75,247,.304,88,219,.402,.430,57,70,.814,24,129,153,158,38,27,83,129,458
140,Randy Foye,SG,32,DEN,54,7,1070,117,333,.351,50,169,.296,67,164,.409,.426,39,47,.830,16,89,105,112,26,16,58,83,323
140,Randy Foye,SG,32,OKC,25,1,543,46,133,.346,25,78,.321,21,55,.382,.440,18,23,.783,8,40,48,46,12,11,25,46,135
Rk,Player,Pos,Age,Tm,G,GS,MP,FG,FGA,FG%,3P,3PA,3P%,2P,2PA,2P%,eFG%,FT,FTA,FT%,ORB,DRB,TRB,AST,STL,BLK,TOV,PF,PTS
141,Tim Frazier,PG,25,TOT,49,2,672,87,199,.437,15,43,.349,72,156,.462,.475,46,65,.708,24,76,100,136,29,2,60,64,235
141,Tim Frazier,PG,25,POR,35,1,272,20,60,.333,3,17,.176,17,43,.395,.358,8,15,.533,11,28,39,42,10,1,27,31,51
141,Tim Frazier,PG,25,NOP,14,1,400,67,139,.482,12,26,.462,55,113,.487,.525,38,50,.760,13,48,61,94,19,1,33,33,184
142,Jimmer Fredette,SG,26,TOT,6,0,18,2,5,.400,1,2,.500,1,3,.333,.500,4,5,.800,0,0,0,1,1,0,2,2,9
142,Jimmer Fredette,SG,26,NOP,4,0,13,1,4,.250,0,1,.000,1,3,.333,.250,0,0,,0,0,0,1,1,0,1,1,2
142,Jimmer Fredette,SG,26,NYK,2,0,5,1,1,1.000,1,1,1.000,0,0,,1.500,4,5,.800,0,0,0,0,0,0,1,1,7
143,Channing Frye,C,32,TOT,68,31,1143,144,332,.434,89,228,.390,55,104,.529,.568,29,34,.853,34,192,226,67,28,27,41,124,406
143,Channing Frye,C,32,ORL,44,29,754,81,186,.435,48,121,.397,33,65,.508,.565,19,21,.905,23,118,141,45,21,20,30,71,229
143,Channing Frye,C,32,CLE,24,2,389,63,146,.432,41,107,.383,22,39,.564,.572,10,13,.769,11,74,85,22,7,7,11,53,177
144,Danilo Gallinari,SF,27,DEN,53,53,1839,287,700,.410,87,239,.364,200,461,.434,.472,375,432,.868,51,230,281,135,42,19,77,87,1036
145,Langston Galloway,PG,24,NYK,81,7,1998,228,576,.396,77,220,.350,151,356,.424,.463,83,111,.748,42,244,286,202,75,21,61,176,616
146,Kevin Garnett,PF,39,MIN,38,38,556,54,115,.470,0,1,.000,54,114,.474,.470,14,21,.667,15,135,150,62,28,10,16,70,122
147,Marc Gasol,C,31,MEM,52,52,1791,328,707,.464,2,3,.667,326,704,.463,.465,203,245,.829,58,304,362,196,50,70,118,141,861
148,Pau Gasol,C,35,CHI,72,72,2291,467,995,.469,24,69,.348,443,926,.478,.481,229,289,.792,155,638,793,294,42,146,164,148,1187
149,Rudy Gay,SF,29,SAC,69,69,2344,460,994,.463,73,213,.343,387,781,.496,.499,196,250,.784,103,347,450,120,98,47,135,180,1189
150,Alonzo Gee,SF,28,NOP,73,38,1632,132,255,.518,17,60,.283,115,195,.590,.551,44,66,.667,60,185,245,72,63,13,55,169,325
151,Paul George,PF,25,IND,80,80,2790,599,1436,.417,209,560,.373,390,876,.445,.490,448,521,.860,79,480,559,323,150,29,263,230,1855
152,Taj Gibson,PF,30,CHI,73,55,1936,263,501,.525,0,3,.000,263,498,.528,.525,101,146,.692,206,298,504,106,47,77,78,180,627
153,Manu Ginobili,SG,38,SAS,58,0,1134,197,435,.453,70,179,.391,127,256,.496,.533,91,112,.813,26,120,146,177,66,11,99,99,555
154,Rudy Gobert,C,23,UTA,60,59,1920,198,353,.561,0,0,,198,353,.561,.561,159,279,.570,205,457,662,89,45,135,114,163,555
155,Drew Gooden,PF,34,WAS,29,0,303,33,103,.320,7,41,.171,26,62,.419,.354,8,12,.667,28,57,85,13,7,11,13,40,81
156,Archie Goodwin,SG,21,PHO,56,13,1084,171,405,.422,23,94,.245,148,311,.476,.451,130,192,.677,26,113,139,113,25,13,99,83,495
157,Aaron Gordon,PF,20,ORL,77,37,1839,265,562,.472,41,138,.297,224,424,.528,.508,126,189,.667,153,349,502,127,57,54,66,152,697
158,Eric Gordon,SG,27,NOP,45,44,1481,231,552,.418,113,294,.384,118,258,.457,.521,111,125,.888,10,89,99,121,43,14,73,98,686
159,Marcin Gortat,C,31,WAS,74,73,2232,428,757,.565,0,1,.000,428,756,.566,.565,145,205,.707,221,513,734,105,47,96,119,191,1001
160,Andrew Goudelock,PG,27,HOU,6,0,37,7,14,.500,1,6,.167,6,8,.750,.536,3,4,.750,1,1,2,3,5,2,4,4,18
Rk,Player,Pos,Age,Tm,G,GS,MP,FG,FGA,FG%,3P,3PA,3P%,2P,2PA,2P%,eFG%,FT,FTA,FT%,ORB,DRB,TRB,AST,STL,BLK,TOV,PF,PTS
161,Jerami Grant,SF,21,PHI,75,50,2013,242,580,.417,32,140,.229,210,440,.477,.445,207,315,.657,98,255,353,132,53,123,108,207,723
162,Jerian Grant,PG,23,NYK,75,5,1226,147,380,.387,20,96,.208,127,284,.447,.413,94,120,.783,23,114,137,171,48,9,82,95,408
163,Danny Green,SG,28,SAS,77,77,2008,204,546,.374,112,340,.329,92,206,.447,.476,34,45,.756,48,249,297,137,77,63,75,134,554
164,Draymond Green,PF,25,GSW,80,80,2778,397,811,.490,98,254,.386,299,557,.537,.550,228,327,.697,131,629,760,591,119,112,254,239,1120
165,Erick Green,PG,24,TOT,9,0,42,5,13,.385,1,5,.200,4,8,.500,.423,2,2,1.000,3,3,6,3,1,0,0,4,13
165,Erick Green,PG,24,DEN,3,0,7,0,1,.000,0,1,.000,0,0,,.000,0,0,,0,1,1,1,0,0,0,0,0
165,Erick Green,PG,24,UTA,6,0,35,5,12,.417,1,4,.250,4,8,.500,.458,2,2,1.000,3,2,5,2,1,0,0,4,13
166,Gerald Green,SG,30,MIA,67,14,1533,229,582,.393,83,256,.324,146,326,.448,.465,70,90,.778,25,137,162,56,37,19,46,118,611
167,JaMychal Green,PF,25,MEM,76,15,1394,221,478,.462,15,45,.333,206,433,.476,.478,101,134,.754,129,226,355,63,46,32,80,186,558
168,Jeff Green,SF,29,TOT,78,41,2203,343,801,.428,66,209,.316,277,592,.468,.469,162,216,.750,71,251,322,132,58,40,90,161,914
168,Jeff Green,SF,29,MEM,53,31,1544,240,557,.431,42,136,.309,198,421,.470,.469,124,155,.800,55,186,241,98,40,19,69,102,646
168,Jeff Green,SF,29,LAC,25,10,659,103,244,.422,24,73,.329,79,171,.462,.471,38,61,.623,16,65,81,34,18,21,21,59,268
169,Blake Griffin,PF,26,LAC,34,34,1147,296,593,.499,6,18,.333,290,575,.504,.504,139,191,.728,51,236,287,166,25,17,81,92,737
170,Jorge Gutierrez,PG,27,CHO,10,0,44,4,5,.800,0,0,,4,5,.800,.800,10,11,.909,0,3,3,12,3,0,5,2,18
171,P.J. Hairston,SF,23,TOT,64,52,1273,141,393,.359,67,231,.290,74,162,.457,.444,50,64,.781,25,143,168,38,31,11,39,137,399
171,P.J. Hairston,SF,23,CHO,48,43,938,99,276,.359,54,172,.314,45,104,.433,.457,34,42,.810,18,110,128,29,24,7,24,106,286
171,P.J. Hairston,SF,23,MEM,16,9,335,42,117,.359,13,59,.220,29,58,.500,.415,16,22,.727,7,33,40,9,7,4,15,31,113
172,Jordan Hamilton,SF,25,NOP,9,3,245,42,96,.438,9,33,.273,33,63,.524,.484,11,16,.688,11,41,52,18,8,3,14,19,104
173,Tyler Hansbrough,PF,30,CHO,42,0,329,30,68,.441,2,3,.667,28,65,.431,.456,34,59,.576,40,47,87,7,12,7,11,52,96
174,Tim Hardaway,SG,23,ATL,49,1,831,106,250,.424,45,136,.331,61,114,.535,.514,48,54,.889,7,73,80,49,21,7,22,48,305
175,James Harden,SG,26,HOU,80,80,3063,685,1569,.437,226,640,.353,459,929,.494,.509,708,822,.861,61,435,496,602,139,51,370,226,2304
176,Maurice Harkless,SF,22,POR,77,13,1439,194,406,.478,38,138,.275,156,268,.582,.525,69,111,.622,100,179,279,66,48,33,62,121,495
177,Justin Harper,PF,26,DET,5,0,35,4,10,.400,4,9,.444,0,1,.000,.600,1,2,.500,0,1,1,0,1,0,2,3,13
178,Montrezl Harrell,PF,22,HOU,38,1,371,56,85,.659,0,1,.000,56,84,.667,.659,24,46,.522,25,39,64,17,11,10,17,47,136
179,Devin Harris,PG,32,DAL,63,0,1273,167,372,.449,52,157,.331,115,215,.535,.519,100,138,.725,17,119,136,118,59,13,66,124,486
180,Gary Harris,SG,21,DEN,75,75,2402,353,750,.471,103,292,.353,250,458,.546,.539,107,131,.817,53,163,216,146,97,18,95,142,916
Rk,Player,Pos,Age,Tm,G,GS,MP,FG,FGA,FG%,3P,3PA,3P%,2P,2PA,2P%,eFG%,FT,FTA,FT%,ORB,DRB,TRB,AST,STL,BLK,TOV,PF,PTS
181,Joe Harris,SG,24,CLE,5,0,15,1,4,.250,1,4,.250,0,0,,.375,0,0,,0,3,3,2,0,0,1,1,3
182,Tobias Harris,PF,23,TOT,75,73,2477,412,873,.472,79,236,.335,333,637,.523,.517,197,238,.828,97,410,507,167,64,38,108,152,1100
182,Tobias Harris,PF,23,ORL,49,49,1610,251,541,.464,47,151,.311,204,390,.523,.507,120,153,.784,72,271,343,99,47,28,78,91,669
182,Tobias Harris,PF,23,DET,26,24,867,161,332,.485,32,85,.376,129,247,.522,.533,77,85,.906,25,139,164,68,17,10,30,61,431
183,Aaron Harrison,SG,21,CHO,19,0,76,3,16,.188,2,9,.222,1,7,.143,.250,4,10,.400,4,6,10,1,5,0,3,7,12
184,Udonis Haslem,PF,35,MIA,36,0,252,23,60,.383,1,9,.111,22,51,.431,.392,11,14,.786,10,64,74,14,5,2,5,23,58
185,Spencer Hawes,PF,27,CHO,55,6,997,116,295,.393,34,98,.347,82,197,.416,.451,53,63,.841,48,186,234,106,22,25,57,107,319
186,Chuck Hayes,C,32,HOU,2,0,24,1,2,.500,0,0,,1,2,.500,.500,2,2,1.000,0,8,8,2,0,0,3,6,4
187,Gordon Hayward,SF,25,UTA,78,78,2821,504,1165,.433,140,395,.354,364,770,.473,.493,387,468,.827,60,329,389,289,95,26,197,179,1535
188,Gerald Henderson,SG,28,POR,72,0,1431,232,529,.439,48,136,.353,184,393,.468,.484,112,146,.767,30,181,211,75,39,19,68,87,624
189,John Henson,C,25,MIL,55,1,923,159,277,.574,0,0,,159,277,.574,.574,67,113,.593,85,129,214,53,18,108,59,127,385
190,Mario Hezonja,SF,20,ORL,77,7,1332,171,396,.432,63,179,.352,108,217,.498,.511,44,49,.898,27,141,168,98,33,17,95,120,449
191,Roy Hibbert,C,29,LAL,79,79,1837,179,405,.442,0,2,.000,179,403,.444,.442,117,145,.807,128,260,388,93,32,109,75,246,475
192,J.J. Hickson,C,27,TOT,33,9,393,72,138,.522,0,1,.000,72,137,.526,.522,41,89,.461,32,82,114,20,15,12,22,45,185
192,J.J. Hickson,C,27,DEN,20,9,305,55,109,.505,0,0,,55,109,.505,.505,27,59,.458,22,65,87,16,10,12,16,35,137
192,J.J. Hickson,C,27,WAS,13,0,88,17,29,.586,0,1,.000,17,28,.607,.586,14,30,.467,10,17,27,4,5,0,6,10,48
193,Nene Hilario,PF,33,WAS,56,10,1065,201,372,.540,0,3,.000,201,369,.545,.540,104,180,.578,49,202,251,89,51,26,73,153,506
194,George Hill,PG,29,IND,73,72,2487,318,728,.437,125,309,.405,193,419,.461,.523,114,149,.765,58,237,295,257,81,16,98,146,875
195,Jordan Hill,PF,28,IND,72,11,1482,277,540,.513,0,1,.000,277,539,.514,.513,89,125,.712,153,287,440,84,36,36,91,154,643
196,Solomon Hill,SF,24,IND,57,2,800,82,185,.443,17,61,.279,65,124,.524,.489,34,40,.850,38,111,149,52,32,11,31,64,215
197,Darrun Hilliard,SF,22,DET,37,1,359,51,124,.411,19,49,.388,32,75,.427,.488,27,38,.711,5,36,41,25,8,0,16,26,148
198,Kirk Hinrich,SG-PG,35,TOT,44,7,623,49,129,.380,24,62,.387,25,67,.373,.473,15,16,.938,8,61,69,72,15,2,30,64,137
198,Kirk Hinrich,SG,35,CHI,35,7,555,47,118,.398,23,56,.411,24,62,.387,.496,15,16,.938,7,51,58,59,13,1,27,63,132
198,Kirk Hinrich,PG,35,ATL,9,0,68,2,11,.182,1,6,.167,1,5,.200,.227,0,0,,1,10,11,13,2,1,3,1,5
199,Jrue Holiday,PG,25,NOP,65,23,1831,410,935,.439,87,259,.336,323,676,.478,.485,182,216,.843,27,168,195,391,88,22,167,148,1089
200,Justin Holiday,SG,26,TOT,51,3,710,73,205,.356,29,95,.305,44,110,.400,.427,21,29,.724,11,72,83,48,30,18,35,54,196
200,Justin Holiday,SG,26,ATL,26,1,263,24,73,.329,10,45,.222,14,28,.500,.397,5,10,.500,4,23,27,11,13,4,13,21,63
200,Justin Holiday,SG,26,CHI,25,2,447,49,132,.371,19,50,.380,30,82,.366,.443,16,19,.842,7,49,56,37,17,14,22,33,133
Rk,Player,Pos,Age,Tm,G,GS,MP,FG,FGA,FG%,3P,3PA,3P%,2P,2PA,2P%,eFG%,FT,FTA,FT%,ORB,DRB,TRB,AST,STL,BLK,TOV,PF,PTS
201,Ryan Hollins,C,31,TOT,37,12,460,49,79,.620,0,0,,49,79,.620,.620,26,42,.619,47,51,98,10,6,21,24,62,124
201,Ryan Hollins,C,31,WAS,5,3,48,4,7,.571,0,0,,4,7,.571,.571,0,0,,7,4,11,0,0,1,3,4,8
201,Ryan Hollins,C,31,MEM,32,9,412,45,72,.625,0,0,,45,72,.625,.625,26,42,.619,40,47,87,10,6,20,21,58,116
202,Rondae Hollis-Jefferson,SF,21,BRK,27,17,568,55,123,.447,4,14,.286,51,109,.468,.463,31,44,.705,37,108,145,40,36,11,25,58,145
203,Richaun Holmes,PF,22,PHI,51,1,702,114,222,.514,8,44,.182,106,178,.596,.532,51,74,.689,62,73,135,33,19,40,32,92,287
204,Rodney Hood,SG,23,UTA,77,77,2489,405,954,.425,160,440,.364,245,514,.477,.508,169,196,.862,36,225,261,207,71,16,124,198,1139
205,Al Horford,C,29,ATL,80,80,2568,513,1021,.502,86,247,.348,427,774,.552,.545,98,123,.797,146,431,577,259,66,119,104,159,1210
206,Dwight Howard,C,30,HOU,69,69,2228,357,580,.616,0,5,.000,357,575,.621,.616,229,470,.487,234,583,817,95,68,111,162,216,943
207,Marcelo Huertas,PG,32,LAL,51,0,815,95,221,.430,16,59,.271,79,162,.488,.466,25,27,.926,18,64,82,171,24,7,75,72,231
208,Josh Huestis,SF,24,OKC,3,0,42,5,7,.714,4,4,1.000,1,3,.333,1.000,0,4,.000,1,6,7,0,1,2,3,2,14
209,Kris Humphries,PF,30,TOT,51,17,812,119,289,.412,34,108,.315,85,181,.470,.471,65,80,.813,56,157,213,34,13,23,37,93,337
209,Kris Humphries,PF,30,WAS,28,14,466,64,158,.405,23,67,.343,41,91,.451,.478,29,31,.935,26,89,115,16,3,14,20,42,180
209,Kris Humphries,PF,30,PHO,4,3,74,10,36,.278,3,10,.300,7,26,.269,.319,6,8,.750,11,21,32,7,3,2,4,8,29
209,Kris Humphries,PF,30,ATL,19,0,272,45,95,.474,8,31,.258,37,64,.578,.516,30,41,.732,19,47,66,11,7,7,13,43,128
210,R.J. Hunter,SG,22,BOS,35,0,303,32,92,.348,17,60,.283,15,32,.469,.440,5,6,.833,2,32,34,13,13,4,11,29,86
211,Serge Ibaka,PF,26,OKC,77,77,2473,415,857,.484,60,179,.335,355,678,.524,.519,91,121,.752,139,389,528,65,38,145,107,210,981
212,Andre Iguodala,SG,32,GSW,64,1,1703,175,364,.481,54,151,.358,121,213,.568,.555,50,81,.617,51,208,259,212,72,19,77,101,454
213,Ersan Ilyasova,PF,28,TOT,72,54,1824,267,640,.417,93,255,.365,174,385,.452,.490,111,154,.721,139,251,390,66,51,30,69,167,738
213,Ersan Ilyasova,PF,28,DET,52,52,1434,216,508,.425,78,215,.363,138,293,.471,.502,79,109,.725,99,183,282,55,38,27,59,120,589
213,Ersan Ilyasova,PF,28,ORL,20,2,390,51,132,.386,15,40,.375,36,92,.391,.443,32,45,.711,40,68,108,11,13,3,10,47,149
214,Joe Ingles,SF,28,UTA,79,2,1199,117,278,.421,74,197,.376,43,81,.531,.554,13,18,.722,19,129,148,90,52,4,64,94,321
215,Damien Inglis,SF,20,MIL,19,1,136,9,32,.281,1,11,.091,8,21,.381,.297,7,8,.875,2,25,27,9,5,3,9,10,26
216,Kyrie Irving,PG,23,CLE,52,52,1627,380,851,.447,80,253,.316,300,598,.502,.494,166,188,.883,42,111,153,245,54,17,118,105,1006
217,Jarrett Jack,PG,32,BRK,32,32,1027,140,358,.391,31,102,.304,109,256,.426,.434,100,112,.893,9,127,136,236,34,7,94,77,411
218,Reggie Jackson,PG,25,DET,79,79,2424,540,1244,.434,118,334,.353,422,910,.464,.482,291,337,.864,58,195,253,492,59,11,223,187,1489
219,LeBron James,SF,31,CLE,75,75,2676,724,1400,.517,84,278,.302,640,1122,.570,.547,354,486,.728,110,449,559,508,102,48,245,141,1886
220,Al Jefferson,C,31,CHO,45,17,1046,226,479,.472,0,0,,226,479,.472,.472,68,105,.648,55,231,286,66,28,39,31,111,520
Rk,Player,Pos,Age,Tm,G,GS,MP,FG,FGA,FG%,3P,3PA,3P%,2P,2PA,2P%,eFG%,FT,FTA,FT%,ORB,DRB,TRB,AST,STL,BLK,TOV,PF,PTS
221,Cory Jefferson,PF,25,PHO,8,0,50,9,22,.409,0,1,.000,9,21,.429,.409,4,6,.667,6,10,16,0,0,1,0,8,22
222,Richard Jefferson,SF,35,CLE,72,4,1269,137,297,.461,65,169,.385,72,128,.563,.571,53,81,.654,13,107,120,57,33,14,41,125,392
223,John Jenkins,SG,24,TOT,41,3,439,67,149,.450,15,46,.326,52,103,.505,.500,20,24,.833,8,46,54,29,8,1,25,19,169
223,John Jenkins,SG,24,DAL,21,1,193,29,70,.414,3,19,.158,26,51,.510,.436,8,9,.889,4,18,22,9,3,0,11,11,69
223,John Jenkins,SG,24,PHO,20,2,246,38,79,.481,12,27,.444,26,52,.500,.557,12,15,.800,4,28,32,20,5,1,14,8,100
224,Brandon Jennings,PG,26,TOT,48,7,868,112,304,.368,51,155,.329,61,149,.409,.452,57,78,.731,16,80,96,170,29,7,57,57,332
224,Brandon Jennings,PG,26,DET,23,1,416,53,143,.371,24,77,.312,29,66,.439,.455,27,38,.711,5,41,46,70,11,2,22,24,157
224,Brandon Jennings,PG,26,ORL,25,6,452,59,161,.366,27,78,.346,32,83,.386,.450,30,40,.750,11,39,50,100,18,5,35,33,175
225,Jonas Jerebko,PF,28,BOS,76,0,1136,116,278,.417,42,106,.396,74,172,.430,.493,59,75,.787,74,205,279,61,19,23,51,135,333
226,Amir Johnson,PF,28,BOS,77,74,1756,245,418,.586,10,42,.238,235,376,.625,.598,66,117,.564,176,316,492,133,49,83,94,210,566
227,Chris Johnson,SF,25,UTA,69,2,837,69,189,.365,26,96,.271,43,93,.462,.434,34,42,.810,27,103,130,44,32,20,38,98,198
228,James Johnson,PF,28,TOR,57,32,926,114,240,.475,20,66,.303,94,174,.540,.517,39,68,.574,28,98,126,67,29,33,54,84,287
229,Joe Johnson,SF,34,TOT,79,79,2633,358,825,.434,116,303,.383,242,522,.464,.504,116,139,.835,49,237,286,312,58,4,152,144,948
229,Joe Johnson,SF,34,BRK,57,57,1934,247,608,.406,85,229,.371,162,379,.427,.476,92,108,.852,34,190,224,232,40,2,116,100,671
229,Joe Johnson,SF,34,MIA,22,22,699,111,217,.512,31,74,.419,80,143,.559,.583,24,31,.774,15,47,62,80,18,2,36,44,277
230,Orlando Johnson,SG,26,TOT,7,1,101,9,35,.257,2,10,.200,7,25,.280,.286,6,8,.750,4,11,15,2,3,3,4,9,26
230,Orlando Johnson,SG,26,PHO,2,0,47,5,18,.278,1,5,.200,4,13,.308,.306,5,6,.833,3,6,9,0,2,3,1,5,16
230,Orlando Johnson,SG,26,NOP,5,1,54,4,17,.235,1,5,.200,3,12,.250,.265,1,2,.500,1,5,6,2,1,0,3,4,10
231,Stanley Johnson,SF,19,DET,71,5,1642,219,581,.377,62,201,.308,157,380,.413,.430,76,96,.792,55,238,293,115,51,11,111,170,576
232,Tyler Johnson,SG,23,MIA,36,5,863,118,242,.488,27,70,.386,91,172,.529,.543,51,64,.797,28,81,109,79,24,14,47,66,314
233,Wesley Johnson,SF,28,LAC,78,9,1613,199,494,.403,97,298,.326,102,196,.520,.501,30,46,.652,36,209,245,49,85,53,53,169,525
234,Nikola Jokic,C,20,DEN,79,54,1698,300,590,.508,27,82,.329,273,508,.537,.531,151,187,.807,175,372,547,184,79,50,102,205,778
235,James Jones,SF,35,CLE,46,0,426,54,132,.409,40,99,.404,14,33,.424,.561,21,26,.808,7,38,45,13,10,9,10,45,169
236,Terrence Jones,PF,24,HOU,49,11,1039,165,365,.452,25,79,.316,140,286,.490,.486,77,116,.664,61,148,209,41,23,39,48,83,432
237,Tyus Jones,PG,19,MIN,35,0,521,52,146,.356,15,50,.300,37,96,.385,.408,26,35,.743,7,36,43,91,28,3,31,29,145
238,DeAndre Jordan,C,27,LAC,76,76,2570,354,504,.702,0,1,.000,354,503,.704,.702,265,617,.429,266,781,1047,89,50,175,106,205,973
239,Cory Joseph,PG,24,TOR,79,4,2029,256,580,.441,30,109,.275,226,471,.480,.467,133,172,.773,38,166,204,247,61,20,100,131,675
240,Chris Kaman,C,33,POR,16,2,112,20,43,.465,1,4,.250,19,39,.487,.477,3,3,1.000,7,17,24,11,1,1,8,15,44
Rk,Player,Pos,Age,Tm,G,GS,MP,FG,FGA,FG%,3P,3PA,3P%,2P,2PA,2P%,eFG%,FT,FTA,FT%,ORB,DRB,TRB,AST,STL,BLK,TOV,PF,PTS
241,Frank Kaminsky,C,22,CHO,79,3,1668,212,515,.412,67,199,.337,145,316,.459,.477,104,142,.732,67,259,326,96,38,42,58,125,595
242,Enes Kanter,C,23,OKC,80,1,1666,408,703,.580,9,18,.500,399,685,.582,.587,194,243,.798,242,402,644,33,25,33,110,162,1019
243,Sergey Karasev,SF,22,BRK,40,5,399,30,74,.405,11,37,.297,19,37,.514,.480,26,28,.929,8,50,58,35,6,2,22,27,97
244,Sasha Kaun,C,30,CLE,22,0,71,8,11,.727,0,0,,8,11,.727,.727,4,9,.444,10,11,21,3,3,3,7,11,20
245,Ryan Kelly,PF,24,LAL,34,0,450,54,144,.375,5,37,.135,49,107,.458,.392,36,52,.692,20,98,118,20,10,10,17,39,149
246,Michael Kidd-Gilchrist,SF,22,CHO,7,7,205,33,61,.541,3,7,.429,30,54,.556,.566,20,29,.690,12,33,45,9,3,3,8,9,89
247,Sean Kilpatrick,SG,26,TOT,29,0,554,112,241,.465,36,103,.350,76,138,.551,.539,56,61,.918,12,34,46,23,9,1,31,35,316
247,Sean Kilpatrick,SG,26,DEN,8,0,82,8,21,.381,4,17,.235,4,4,1.000,.476,7,8,.875,2,4,6,3,2,0,4,7,27
247,Sean Kilpatrick,SG,26,BRK,21,0,472,104,220,.473,32,86,.372,72,134,.537,.545,49,53,.925,10,30,40,20,7,1,27,28,289
248,Brandon Knight,SG,24,PHO,52,50,1870,371,895,.415,120,351,.342,251,544,.461,.482,156,183,.852,36,166,202,263,61,20,177,124,1018
249,Kyle Korver,SG,34,ATL,78,78,2340,266,607,.438,156,390,.400,110,217,.507,.567,45,54,.833,14,241,255,162,60,35,94,157,733
250,Kosta Koufos,PF,26,SAC,76,12,1414,222,417,.532,0,0,,222,417,.532,.532,54,97,.557,164,240,404,30,37,66,46,178,498
251,Jeremy Lamb,SG,23,CHO,65,0,1197,224,500,.448,56,178,.315,168,322,.522,.504,64,88,.727,43,200,243,75,41,27,47,103,568
252,Carl Landry,PF,32,PHI,36,12,569,139,250,.556,6,13,.462,133,237,.561,.568,67,91,.736,49,97,146,32,12,9,22,69,351
253,Shane Larkin,PG,23,BRK,76,15,1691,210,482,.436,37,104,.356,173,378,.458,.474,83,104,.798,26,145,171,332,93,12,139,118,540
254,Joffrey Lauvergne,C,24,DEN,59,15,1041,195,380,.513,13,53,.245,182,327,.557,.530,62,69,.899,77,213,290,56,13,15,54,115,465
255,Zach LaVine,PG,20,MIN,80,31,2236,417,929,.449,117,300,.390,300,629,.477,.512,159,201,.791,26,198,224,243,66,15,151,191,1110
256,Ty Lawson,PG,28,TOT,64,12,1361,132,339,.389,34,104,.327,98,235,.417,.440,58,84,.690,25,92,117,223,53,7,90,87,356
256,Ty Lawson,PG,28,HOU,53,12,1176,111,287,.387,31,94,.330,80,193,.415,.441,56,80,.700,20,69,89,180,43,6,82,71,309
256,Ty Lawson,PG,28,IND,11,0,185,21,52,.404,3,10,.300,18,42,.429,.433,2,4,.500,5,23,28,43,10,1,8,16,47
257,Courtney Lee,SG,30,TOT,77,63,2287,285,624,.457,80,212,.377,205,412,.498,.521,99,118,.839,29,172,201,132,84,28,71,132,749
257,Courtney Lee,SG,30,MEM,51,37,1489,192,419,.458,51,138,.370,141,281,.502,.519,76,92,.826,19,99,118,76,53,16,49,79,511
257,Courtney Lee,SG,30,CHO,26,26,798,93,205,.454,29,74,.392,64,131,.489,.524,23,26,.885,10,73,83,56,31,12,22,53,238
258,David Lee,PF,32,TOT,53,5,880,176,330,.533,0,1,.000,176,329,.535,.533,69,91,.758,99,198,297,83,22,28,65,113,421
258,David Lee,PF,32,BOS,30,4,470,87,192,.453,0,1,.000,87,191,.455,.453,40,51,.784,41,89,130,54,12,13,38,51,214
258,David Lee,PF,32,DAL,23,1,410,89,138,.645,0,0,,89,138,.645,.645,29,40,.725,58,109,167,29,10,15,27,62,207
259,Alex Len,C,22,PHO,76,44,1756,253,596,.424,1,7,.143,252,589,.428,.425,170,231,.736,175,404,579,95,38,61,141,224,677
260,Kawhi Leonard,SF,24,SAS,71,71,2341,541,1070,.506,128,286,.448,413,784,.527,.565,287,326,.880,94,394,488,181,126,69,102,130,1497
Rk,Player,Pos,Age,Tm,G,GS,MP,FG,FGA,FG%,3P,3PA,3P%,2P,2PA,2P%,eFG%,FT,FTA,FT%,ORB,DRB,TRB,AST,STL,BLK,TOV,PF,PTS
261,Meyers Leonard,PF,23,POR,61,10,1333,195,435,.448,86,228,.377,109,207,.527,.547,35,46,.761,51,263,314,92,8,18,77,183,511
262,Jon Leuer,PF,26,PHO,65,25,1207,212,447,.474,42,110,.382,170,337,.504,.521,73,97,.753,69,280,349,70,35,28,70,123,539
263,Damian Lillard,PG,25,POR,74,74,2652,610,1457,.419,226,602,.375,384,855,.449,.496,412,462,.892,45,254,299,507,63,28,240,164,1858
264,Jeremy Lin,PG,27,CHO,76,12,1988,289,707,.409,73,217,.336,216,490,.441,.460,228,282,.809,41,201,242,226,53,41,148,160,879
265,Shaun Livingston,PG,30,GSW,77,3,1498,201,375,.536,2,12,.167,199,363,.548,.539,78,91,.857,42,124,166,227,56,27,76,139,482
266,Kevon Looney,PF,19,GSW,5,0,21,4,7,.571,1,2,.500,3,5,.600,.643,0,0,,4,6,10,0,0,0,1,2,9
267,Brook Lopez,C,27,BRK,73,73,2457,591,1157,.511,2,14,.143,589,1143,.515,.512,317,403,.787,204,369,573,147,58,124,175,215,1501
268,Robin Lopez,C,27,NYK,81,81,2197,353,654,.540,0,1,.000,353,653,.541,.540,128,161,.795,266,330,596,111,16,128,132,182,834
269,Kevin Love,PF,27,CLE,76,76,2395,407,969,.420,156,434,.359,251,535,.469,.501,254,310,.819,148,600,748,184,56,41,141,157,1224
270,Kyle Lowry,PG,29,TOR,76,76,2825,508,1185,.429,209,539,.388,299,646,.463,.517,398,491,.811,54,307,361,490,156,34,223,210,1623
271,Trey Lyles,PF,20,UTA,78,31,1320,182,417,.436,46,119,.387,136,298,.456,.492,51,75,.680,57,225,282,55,21,18,60,111,461
272,Shelvin Mack,PG,25,TOT,50,25,988,169,389,.434,37,114,.325,132,275,.480,.482,43,59,.729,12,109,121,179,34,3,90,66,418
272,Shelvin Mack,PG,25,ATL,24,0,179,40,95,.421,4,27,.148,36,68,.529,.442,9,12,.750,2,20,22,38,8,0,14,7,93
272,Shelvin Mack,PG,25,UTA,26,25,809,129,294,.439,33,87,.379,96,207,.464,.495,34,47,.723,10,89,99,141,26,3,76,59,325
273,Ian Mahinmi,C,29,IND,70,70,1785,258,439,.588,0,0,,258,439,.588,.588,130,223,.583,136,363,499,104,65,75,98,218,646
274,Devyn Marble,SG,23,ORL,26,0,209,17,57,.298,7,25,.280,10,32,.313,.360,8,16,.500,5,26,31,9,11,1,7,22,49
275,Boban Marjanovic,C,27,SAS,52,3,448,94,160,.588,0,0,,94,160,.588,.588,78,105,.743,67,107,174,20,12,19,26,50,266
276,Kendall Marshall,PG,24,PHI,28,5,349,38,105,.362,12,42,.286,26,63,.413,.419,9,13,.692,1,20,21,65,15,2,41,28,97
277,Jarell Martin,PF,21,MEM,25,0,336,47,104,.452,0,2,.000,47,102,.461,.452,36,51,.706,36,42,78,13,7,7,16,49,130
278,Kevin Martin,SG,32,TOT,53,13,1055,154,407,.378,49,129,.380,105,278,.378,.439,150,169,.888,13,95,108,58,24,3,52,80,507
278,Kevin Martin,SG,32,MIN,39,12,834,126,334,.377,38,103,.369,88,231,.381,.434,125,142,.880,10,71,81,46,17,1,41,68,415
278,Kevin Martin,SG,32,SAS,14,1,221,28,73,.384,11,26,.423,17,47,.362,.459,25,27,.926,3,24,27,12,7,2,11,12,92
279,Wesley Matthews,SG,29,DAL,76,76,2566,320,826,.387,182,504,.361,138,322,.429,.498,124,144,.861,26,206,232,147,75,16,77,175,946
280,O.J. Mayo,SG,28,MIL,41,24,1090,119,321,.371,52,162,.321,67,159,.421,.452,31,40,.775,13,92,105,118,48,8,72,126,321
Rk,Player,Pos,Age,Tm,G,GS,MP,FG,FGA,FG%,3P,3PA,3P%,2P,2PA,2P%,eFG%,FT,FTA,FT%,ORB,DRB,TRB,AST,STL,BLK,TOV,PF,PTS
281,Luc Mbah a Moute,PF,29,LAC,73,59,1250,90,200,.450,13,40,.325,77,160,.481,.483,30,57,.526,59,111,170,29,43,19,34,98,223
282,James Michael McAdoo,PF,23,GSW,40,1,259,45,82,.549,1,1,1.000,44,81,.543,.555,26,49,.531,30,28,58,17,10,7,16,39,117
283,Ray McCallum,PG,24,TOT,41,6,475,55,146,.377,15,42,.357,40,104,.385,.428,12,15,.800,8,39,47,60,12,7,24,29,137
283,Ray McCallum,PG,24,SAS,31,3,256,27,67,.403,5,16,.313,22,51,.431,.440,9,10,.900,6,25,31,33,5,4,11,14,68
283,Ray McCallum,PG,24,MEM,10,3,219,28,79,.354,10,26,.385,18,53,.340,.418,3,5,.600,2,14,16,27,7,3,13,15,69
284,C.J. McCollum,SG,24,POR,79,79,2753,633,1414,.448,196,466,.421,437,948,.461,.517,187,226,.827,47,209,256,336,96,22,195,187,1649
285,T.J. McConnell,PG,23,PHI,79,17,1563,213,452,.471,29,86,.337,184,366,.503,.503,26,41,.634,43,201,244,354,92,10,135,113,481
286,Chris McCullough,PF,20,BRK,22,2,317,36,93,.387,12,29,.414,24,64,.375,.452,10,18,.556,19,39,58,8,24,9,13,37,94
287,K.J. McDaniels,SG,22,HOU,35,1,218,25,66,.379,6,23,.261,19,43,.442,.424,22,26,.846,15,22,37,10,6,6,16,30,78
288,Doug McDermott,SF,24,CHI,79,4,1802,280,623,.449,110,257,.428,170,366,.464,.538,68,79,.861,36,154,190,52,14,6,53,124,738
289,Mitch McGary,PF,23,OKC,20,0,72,11,23,.478,0,4,.000,11,19,.579,.478,4,10,.400,4,14,18,3,1,2,7,10,26
290,JaVale McGee,C,28,DAL,34,2,370,77,134,.575,0,1,.000,77,133,.579,.575,18,36,.500,53,80,133,3,5,26,21,49,172
291,Ben McLemore,SG,22,SAC,66,51,1367,179,420,.426,62,172,.360,117,248,.472,.500,73,100,.730,31,105,136,75,50,9,95,135,493
292,Jordan McRae,PG,24,TOT,20,0,141,19,46,.413,7,17,.412,12,29,.414,.489,16,20,.800,2,11,13,17,3,1,10,12,61
292,Jordan McRae,PG,24,PHO,7,0,82,11,26,.423,3,11,.273,8,15,.533,.481,12,15,.800,2,6,8,10,3,0,6,7,37
292,Jordan McRae,PG,24,CLE,13,0,59,8,20,.400,4,6,.667,4,14,.286,.500,4,5,.800,0,5,5,7,0,1,4,5,24
293,Josh McRoberts,PF,28,MIA,41,1,579,54,142,.380,12,48,.250,42,94,.447,.423,28,40,.700,21,80,101,80,17,7,30,68,148
294,Jodie Meeks,SG,28,DET,2,0,17,1,5,.200,0,0,,1,5,.200,.200,0,0,,1,1,2,0,0,0,1,2,2
295,Salah Mejri,C,29,DAL,32,6,370,46,72,.639,0,1,.000,46,71,.648,.639,26,42,.619,40,79,119,8,8,36,22,49,118
296,Jordan Mickey,PF,21,BOS,16,0,57,8,22,.364,0,0,,8,22,.364,.364,5,10,.500,6,7,13,1,0,11,1,5,21
297,Khris Middleton,SG,24,MIL,77,77,2809,501,1128,.444,143,358,.399,358,770,.465,.508,272,307,.886,44,253,297,322,129,19,174,201,1417
298,C.J. Miles,SF,28,IND,64,24,1464,259,634,.409,142,387,.367,117,247,.474,.521,93,124,.750,25,150,175,63,53,29,70,142,753
299,Andre Miller,PG,39,TOT,38,3,433,56,99,.566,2,7,.286,54,92,.587,.576,22,30,.733,11,34,45,82,16,0,35,45,136
299,Andre Miller,PG,39,MIN,26,0,280,36,58,.621,1,4,.250,35,54,.648,.629,15,19,.789,6,18,24,58,9,0,25,32,88
299,Andre Miller,PG,39,SAS,12,3,153,20,41,.488,1,3,.333,19,38,.500,.500,7,11,.636,5,16,21,24,7,0,10,13,48
300,Mike Miller,SF,35,DEN,45,1,355,20,56,.357,18,48,.375,2,8,.250,.518,0,0,,6,43,49,37,11,4,17,51,58
Rk,Player,Pos,Age,Tm,G,GS,MP,FG,FGA,FG%,3P,3PA,3P%,2P,2PA,2P%,eFG%,FT,FTA,FT%,ORB,DRB,TRB,AST,STL,BLK,TOV,PF,PTS
301,Patrick Mills,PG,27,SAS,79,3,1626,258,603,.428,121,315,.384,137,288,.476,.528,43,54,.796,27,130,157,222,59,6,72,98,680
302,Elijah Millsap,SG,28,UTA,20,0,173,11,39,.282,1,12,.083,10,27,.370,.295,13,18,.722,6,29,35,19,7,3,9,33,36
303,Paul Millsap,PF,30,ATL,79,79,2585,494,1038,.476,74,227,.326,420,811,.518,.512,301,397,.758,188,525,713,261,145,133,185,231,1363
304,Nikola Mirotic,PF,24,CHI,64,36,1570,232,577,.402,126,328,.384,106,249,.426,.511,135,167,.808,55,296,351,93,51,43,96,144,725
305,Nazr Mohammed,C,38,OKC,5,0,19,3,5,.600,0,0,,3,5,.600,.600,2,2,1.000,1,3,4,0,0,0,3,4,8
306,Greg Monroe,C,25,MIL,77,65,2275,480,923,.520,0,1,.000,480,922,.521,.520,220,299,.736,214,473,687,175,68,66,126,161,1180
307,Luis Montero,SG,22,POR,11,0,33,5,16,.313,1,7,.143,4,9,.444,.344,3,4,.750,0,3,3,1,0,0,3,1,14
308,E'Twaun Moore,SG,26,CHI,59,22,1263,187,389,.481,47,104,.452,140,285,.491,.541,22,35,.629,19,114,133,99,37,18,53,103,443
309,Eric Moreland,PF,24,SAC,7,0,43,3,5,.600,0,0,,3,5,.600,.600,2,4,.500,1,7,8,0,0,4,3,3,8
310,Marcus Morris,SF,26,DET,79,79,2822,405,932,.435,107,294,.364,298,638,.467,.492,198,264,.750,86,309,395,200,67,23,136,169,1115
311,Markieff Morris,PF,26,TOT,64,45,1629,305,718,.425,47,155,.303,258,563,.458,.458,108,147,.735,73,279,352,124,58,34,135,184,765
311,Markieff Morris,PF,26,PHO,37,24,917,171,431,.397,22,76,.289,149,355,.420,.422,66,92,.717,43,151,194,87,33,17,90,104,430
311,Markieff Morris,PF,26,WAS,27,21,712,134,287,.467,25,79,.316,109,208,.524,.510,42,55,.764,30,128,158,37,25,17,45,80,335
312,Anthony Morrow,SG,30,OKC,66,6,891,131,317,.413,76,195,.390,55,122,.451,.533,24,34,.706,10,49,59,24,22,4,17,62,362
313,Donatas Motiejunas,PF,25,HOU,35,20,513,86,194,.443,15,54,.278,71,140,.507,.482,33,51,.647,34,67,101,36,15,4,40,67,220
314,Timofey Mozgov,C,29,CLE,75,48,1289,196,347,.565,1,7,.143,195,340,.574,.566,68,95,.716,109,216,325,30,22,55,70,157,461
315,Emmanuel Mudiay,PG,19,DEN,67,65,2031,318,882,.361,73,228,.320,245,654,.375,.402,138,207,.667,32,196,228,366,65,35,213,140,847
316,Shabazz Muhammad,SG,23,MIN,80,0,1636,296,652,.454,42,146,.288,254,506,.502,.486,178,232,.767,100,166,266,47,22,7,68,93,812
317,Xavier Munford,SG,23,MEM,12,0,187,25,56,.446,9,18,.500,16,38,.421,.527,6,12,.500,3,23,26,14,11,2,11,18,65
318,Mike Muscala,PF,24,ATL,58,0,546,73,145,.503,11,38,.289,62,107,.579,.541,29,37,.784,36,77,113,33,13,25,27,67,186
319,Larry Nance Jr.,PF,23,LAL,61,22,1229,155,297,.522,1,10,.100,154,287,.537,.524,30,45,.667,100,204,304,43,53,23,40,120,341
320,Shabazz Napier,PG,24,ORL,54,0,596,67,199,.337,33,102,.324,34,97,.351,.420,32,43,.744,9,46,55,97,23,1,46,38,199
Rk,Player,Pos,Age,Tm,G,GS,MP,FG,FGA,FG%,3P,3PA,3P%,2P,2PA,2P%,eFG%,FT,FTA,FT%,ORB,DRB,TRB,AST,STL,BLK,TOV,PF,PTS
321,Gary Neal,SG,31,WAS,40,2,807,151,325,.465,41,100,.410,110,225,.489,.528,47,55,.855,11,72,83,47,20,1,29,55,390
322,Jameer Nelson,PG,33,DEN,39,15,1036,113,307,.368,43,144,.299,70,163,.429,.438,30,35,.857,19,96,115,190,25,5,66,100,299
323,Raul Neto,PG,23,UTA,79,53,1472,176,409,.430,64,160,.400,112,249,.450,.509,52,70,.743,17,100,117,167,62,2,109,122,468
324,Andrew Nicholson,PF,26,ORL,54,0,808,146,304,.480,41,111,.369,105,193,.544,.548,51,65,.785,32,166,198,25,10,22,40,67,384
325,Joakim Noah,C,30,CHI,29,2,635,51,133,.383,0,1,.000,51,132,.386,.383,22,45,.489,87,168,255,110,18,29,52,77,124
326,Nerlens Noel,PF,21,PHI,65,60,1898,298,568,.525,1,1,1.000,297,567,.524,.526,129,217,.594,151,375,526,117,112,96,156,183,726
327,Lucas Nogueira,C,23,TOR,27,0,180,23,36,.639,1,2,.500,22,34,.647,.653,8,15,.533,15,20,35,3,10,8,9,23,55
328,Steve Novak,PF,32,TOT,10,0,44,8,18,.444,7,15,.467,1,3,.333,.639,1,1,1.000,0,5,5,0,0,0,1,3,24
328,Steve Novak,PF,32,OKC,7,0,24,6,12,.500,5,9,.556,1,3,.333,.708,0,0,,0,4,4,0,0,0,1,1,17
328,Steve Novak,PF,32,MIL,3,0,20,2,6,.333,2,6,.333,0,0,,.500,1,1,1.000,0,1,1,0,0,0,0,2,7
329,Dirk Nowitzki,PF,37,DAL,73,73,2298,486,1083,.449,121,328,.369,365,755,.483,.505,238,266,.895,48,423,471,128,50,51,82,159,1331
330,Jusuf Nurkic,C,21,DEN,31,2,508,96,229,.419,0,3,.000,96,226,.425,.419,60,95,.632,58,102,160,36,19,41,47,86,252
331,J.J. O'Brien,SF,23,UTA,2,0,6,0,1,.000,0,0,,0,1,.000,.000,0,0,,0,1,1,0,1,0,0,1,0
332,Johnny O'Bryant,PF,22,MIL,65,4,841,82,202,.406,1,1,1.000,81,201,.403,.408,27,40,.675,65,105,170,32,18,8,31,100,192
333,Kyle O'Quinn,PF,25,NYK,64,1,749,127,265,.479,5,21,.238,122,244,.500,.489,46,60,.767,74,169,243,70,20,46,59,105,305
334,Jahlil Okafor,C,20,PHI,53,48,1591,397,781,.508,1,6,.167,396,775,.511,.509,133,194,.686,122,251,373,65,22,61,124,140,928
335,Victor Oladipo,SG,23,ORL,72,52,2379,425,970,.438,98,282,.348,327,688,.475,.489,205,247,.830,48,297,345,282,116,54,153,174,1153
336,Kelly Olynyk,C,24,BOS,67,8,1353,244,535,.456,84,203,.414,160,332,.482,.535,90,122,.738,69,200,269,101,49,33,74,158,662
337,Kelly Oubre,SF,20,WAS,61,9,617,81,193,.420,24,75,.320,57,118,.483,.482,30,45,.667,25,99,124,13,21,6,31,93,216
338,Zaza Pachulia,C,31,DAL,74,67,1948,214,461,.464,0,3,.000,214,458,.467,.464,209,272,.768,240,457,697,123,64,22,115,174,637
339,Kostas Papanikolaou,SF,25,DEN,26,6,294,24,66,.364,10,32,.313,14,34,.412,.439,9,14,.643,8,32,40,16,13,5,21,24,67
340,Jabari Parker,PF,20,MIL,74,70,2346,428,865,.495,9,32,.281,419,833,.503,.500,171,222,.770,120,265,385,128,68,29,113,152,1036
Rk,Player,Pos,Age,Tm,G,GS,MP,FG,FGA,FG%,3P,3PA,3P%,2P,2PA,2P%,eFG%,FT,FTA,FT%,ORB,DRB,TRB,AST,STL,BLK,TOV,PF,PTS
341,Tony Parker,PG,33,SAS,71,71,1943,342,696,.491,27,65,.415,315,631,.499,.511,126,166,.759,17,158,175,376,51,11,130,112,837
342,Chandler Parsons,SF,27,DAL,61,51,1799,320,651,.492,104,250,.416,216,401,.539,.571,93,136,.684,29,256,285,169,46,21,95,114,837
343,Lamar Patterson,SG,24,ATL,35,0,395,28,80,.350,12,49,.245,16,31,.516,.425,16,22,.727,4,46,50,39,9,2,23,45,84
344,Patrick Patterson,PF,26,TOR,78,0,2004,202,488,.414,105,290,.362,97,198,.490,.522,29,34,.853,76,263,339,93,53,32,65,128,538
345,Chris Paul,PG,30,LAC,73,73,2394,511,1105,.462,120,326,.368,391,779,.502,.517,292,326,.896,38,270,308,725,150,13,189,184,1434
346,Adreian Payne,PF,24,MIN,50,2,470,50,138,.362,9,31,.290,41,107,.383,.395,14,20,.700,19,88,107,28,13,11,34,75,123
347,Cameron Payne,PG,21,OKC,55,0,650,104,254,.409,35,104,.337,69,150,.460,.478,19,24,.792,8,73,81,99,35,6,37,74,262
348,Elfrid Payton,PG,21,ORL,71,67,2089,314,717,.438,30,88,.341,284,629,.452,.459,107,178,.601,76,178,254,450,85,20,171,157,765
349,Nikola Pekovic,C,30,MIN,12,3,156,19,50,.380,0,0,,19,50,.380,.380,16,20,.800,7,14,21,11,1,0,9,22,54
350,Kendrick Perkins,C,31,NOP,35,5,505,38,67,.567,0,0,,38,67,.567,.567,9,23,.391,23,96,119,27,11,10,34,61,85
351,Paul Pierce,SF,38,LAC,66,37,1189,139,382,.364,74,235,.315,65,147,.442,.461,48,60,.800,12,168,180,70,33,16,56,125,400
352,Tibor Pleiss,C,26,UTA,12,0,82,11,25,.440,0,2,.000,11,23,.478,.440,2,2,1.000,6,9,15,2,1,2,8,19,24
353,Mason Plumlee,C,25,POR,81,81,2060,265,513,.517,0,4,.000,265,509,.521,.517,211,331,.637,199,421,620,225,66,83,150,253,741
354,Miles Plumlee,C,27,MIL,59,14,829,135,222,.608,0,0,,135,222,.608,.608,34,59,.576,89,126,215,15,21,48,40,72,304
355,Otto Porter,SF,22,WAS,73,71,2235,334,705,.474,96,260,.369,238,445,.535,.542,92,123,.748,97,289,386,119,101,31,69,159,856
356,Bobby Portis,PF,20,CHI,60,4,1045,178,420,.424,14,49,.286,164,371,.442,.440,44,62,.710,117,198,315,49,23,22,49,100,414
357,Kristaps Porzingis,PF,20,NYK,72,72,2047,373,886,.421,81,243,.333,292,643,.454,.467,201,240,.838,132,394,526,93,53,134,121,205,1028
358,Dwight Powell,PF,24,DAL,68,2,989,146,296,.493,2,16,.125,144,280,.514,.497,105,142,.739,84,189,273,44,35,24,40,118,399
359,Norman Powell,SG,22,TOR,47,22,650,79,201,.393,29,79,.367,50,122,.410,.465,38,46,.826,15,83,98,41,25,10,29,55,225
360,Phil Pressey,PG,24,TOT,23,0,283,30,78,.385,4,18,.222,26,60,.433,.410,13,25,.520,3,28,31,75,18,4,33,28,77
360,Phil Pressey,PG,24,PHI,14,0,170,21,55,.382,4,13,.308,17,42,.405,.418,9,18,.500,0,23,23,46,11,1,19,14,55
360,Phil Pressey,PG,24,PHO,9,0,113,9,23,.391,0,5,.000,9,18,.500,.391,4,7,.571,3,5,8,29,7,3,14,14,22
Rk,Player,Pos,Age,Tm,G,GS,MP,FG,FGA,FG%,3P,3PA,3P%,2P,2PA,2P%,eFG%,FT,FTA,FT%,ORB,DRB,TRB,AST,STL,BLK,TOV,PF,PTS
361,Ronnie Price,PG,32,PHO,60,16,1159,112,288,.389,67,190,.353,45,98,.459,.505,31,41,.756,22,71,93,136,72,13,67,159,322
362,Pablo Prigioni,PG,38,LAC,57,2,764,49,130,.377,27,87,.310,22,43,.512,.481,7,8,.875,34,70,104,116,48,1,43,79,132
363,Tayshaun Prince,SF,35,MIN,76,44,1449,102,228,.447,4,23,.174,98,205,.478,.456,13,19,.684,31,114,145,70,36,13,26,62,221
364,Julius Randle,PF,21,LAL,79,58,2226,353,820,.430,9,34,.265,344,786,.438,.436,193,270,.715,171,636,807,141,51,28,146,239,908
365,Zach Randolph,PF,34,MEM,66,51,1966,413,871,.474,6,23,.261,407,848,.480,.478,170,213,.798,173,346,519,136,40,13,100,143,1002
366,J.J. Redick,SG,31,LAC,74,74,2084,418,872,.479,197,415,.475,221,457,.484,.592,182,205,.888,10,128,138,106,42,5,78,134,1215
367,Willie Reed,PF,25,BRK,39,2,426,76,133,.571,0,0,,76,133,.571,.571,30,55,.545,49,73,122,10,6,30,16,47,182
368,Josh Richardson,SG,22,MIA,50,2,1043,122,263,.464,53,110,.482,69,153,.451,.565,41,61,.672,19,78,97,71,35,22,34,102,338
369,Austin Rivers,SG,23,LAC,65,6,1407,215,492,.437,58,174,.333,157,318,.494,.496,75,109,.688,21,104,125,92,46,9,60,133,563
370,Andre Roberson,SG,24,OKC,68,68,1508,131,267,.491,30,99,.303,101,168,.601,.547,33,52,.635,76,161,237,47,51,40,35,129,325
371,Brian Roberts,PG,30,TOT,50,0,453,68,156,.436,14,39,.359,54,117,.462,.481,41,46,.891,6,34,40,53,9,2,23,32,191
371,Brian Roberts,PG,30,CHO,30,0,333,51,115,.443,9,27,.333,42,88,.477,.483,34,37,.919,4,25,29,38,7,1,16,23,145
371,Brian Roberts,PG,30,POR,20,0,120,17,41,.415,5,12,.417,12,29,.414,.476,7,9,.778,2,9,11,15,2,1,7,9,46
372,Glenn Robinson,PF,22,IND,44,4,481,59,139,.424,12,34,.353,47,105,.448,.468,27,39,.692,12,54,66,24,16,9,17,21,157
373,Nate Robinson,PG,31,NOP,2,1,23,0,1,.000,0,1,.000,0,0,,.000,0,0,,0,0,0,4,1,0,0,5,0
374,Thomas Robinson,PF,24,BRK,71,7,916,130,291,.447,0,1,.000,130,290,.448,.447,47,109,.431,136,223,359,46,39,36,69,111,307
375,Rajon Rondo,PG,29,SAC,72,72,2537,355,782,.454,62,170,.365,293,612,.479,.494,87,150,.580,77,358,435,839,141,10,278,175,859
376,Derrick Rose,PG,27,CHI,66,66,2097,447,1048,.427,44,150,.293,403,898,.449,.448,142,179,.793,46,179,225,311,44,14,175,84,1080
377,Terrence Ross,SF,24,TOR,71,7,1692,254,595,.427,125,325,.385,129,270,.478,.532,46,58,.793,19,154,173,50,52,24,46,118,679
378,Terry Rozier,PG,21,BOS,38,0,306,29,104,.279,6,26,.231,23,78,.295,.308,6,8,.750,24,37,61,37,6,1,19,23,70
379,Ricky Rubio,PG,25,MIN,74,74,2278,216,577,.374,61,186,.328,155,391,.396,.427,262,308,.851,40,280,320,643,155,9,191,197,755
380,Damjan Rudez,SF,29,MIN,31,0,262,25,61,.410,17,49,.347,8,12,.667,.549,8,8,1.000,5,13,18,11,3,1,13,31,75
Rk,Player,Pos,Age,Tm,G,GS,MP,FG,FGA,FG%,3P,3PA,3P%,2P,2PA,2P%,eFG%,FT,FTA,FT%,ORB,DRB,TRB,AST,STL,BLK,TOV,PF,PTS
381,Brandon Rush,SG,30,GSW,71,25,1050,110,259,.425,64,156,.410,46,103,.447,.548,18,28,.643,21,160,181,57,20,23,33,57,302
382,D'Angelo Russell,PG,19,LAL,78,46,2189,385,936,.411,130,364,.357,255,572,.446,.481,134,183,.732,47,221,268,259,91,13,190,138,1034
383,Robert Sacre,C,26,LAL,24,1,304,28,68,.412,0,0,,28,68,.412,.412,20,32,.625,28,36,64,14,3,10,11,40,76
384,JaKarr Sampson,SF,22,TOT,72,40,1151,140,315,.444,14,63,.222,126,252,.500,.467,80,122,.656,45,144,189,46,22,33,70,141,374
384,JaKarr Sampson,SF,22,PHI,47,18,691,86,202,.426,6,34,.176,80,168,.476,.441,62,97,.639,30,99,129,30,11,16,51,91,240
384,JaKarr Sampson,SF,22,DEN,25,22,460,54,113,.478,8,29,.276,46,84,.548,.513,18,25,.720,15,45,60,16,11,17,19,50,134
385,Dennis Schroder,PG,22,ATL,78,6,1583,323,762,.424,76,232,.328,247,530,.466,.474,142,175,.811,24,177,201,344,68,9,180,134,864
386,Luis Scola,PF,35,TOR,75,75,1615,264,588,.449,63,157,.401,201,431,.466,.503,61,82,.744,84,272,356,65,46,26,67,176,652
387,Mike Scott,PF,27,ATL,73,0,1118,173,372,.465,60,156,.385,113,216,.523,.546,48,61,.787,51,152,203,76,25,17,42,100,454
388,Thabo Sefolosha,SF,31,ATL,73,11,1718,188,365,.515,42,121,.347,146,244,.598,.573,62,97,.639,51,275,326,104,81,37,67,107,480
389,Kevin Seraphin,C,26,NYK,47,0,516,82,201,.408,0,2,.000,82,199,.412,.408,19,23,.826,31,90,121,46,8,34,43,64,183
390,Ramon Sessions,PG,29,WAS,80,3,1605,264,566,.466,33,105,.314,231,461,.501,.496,206,274,.752,25,171,196,221,43,5,105,95,767
391,Iman Shumpert,SG,25,CLE,54,5,1316,114,305,.374,43,146,.295,71,159,.447,.444,40,51,.784,32,171,203,92,54,19,57,119,311
392,Jonathon Simmons,SG,26,SAS,53,2,777,114,226,.504,18,43,.419,96,183,.525,.544,64,83,.771,15,74,89,56,22,5,51,100,310
393,Henry Sims,C,25,BRK,12,2,210,26,61,.426,0,1,.000,26,60,.433,.426,21,26,.808,17,40,57,7,8,9,11,30,73
394,Kyle Singler,SF,27,OKC,66,2,944,82,216,.380,27,94,.287,55,122,.451,.442,29,42,.690,50,85,135,22,28,8,32,116,220
395,Donald Sloan,PG,28,BRK,59,33,1273,145,331,.438,36,94,.383,109,237,.460,.492,78,104,.750,16,152,168,254,32,4,80,67,404
396,Marcus Smart,PG,21,BOS,59,10,1612,183,516,.355,61,239,.255,122,277,.440,.414,121,157,.771,73,177,250,182,91,18,78,180,548
397,Greg Smith,PF,25,MIN,16,0,181,18,32,.563,0,0,,18,32,.563,.563,7,17,.412,11,28,39,5,3,1,6,27,43
398,Ish Smith,PG,27,TOT,75,51,2168,385,943,.408,52,161,.323,333,782,.426,.436,122,176,.693,42,256,298,490,86,23,169,126,944
398,Ish Smith,PG,27,NOP,27,3,617,98,228,.430,10,33,.303,88,195,.451,.452,33,43,.767,14,78,92,154,24,6,45,38,239
398,Ish Smith,PG,27,PHI,48,48,1551,287,715,.401,42,128,.328,245,587,.417,.431,89,133,.669,28,178,206,336,62,17,124,88,705
399,J.R. Smith,SG,30,CLE,76,76,2330,352,845,.417,204,507,.402,148,338,.438,.537,45,71,.634,43,173,216,130,81,21,58,203,953
400,Jason Smith,C,29,ORL,74,2,1136,237,485,.489,4,15,.267,233,470,.496,.493,52,65,.800,52,160,212,60,29,60,57,159,530
Rk,Player,Pos,Age,Tm,G,GS,MP,FG,FGA,FG%,3P,3PA,3P%,2P,2PA,2P%,eFG%,FT,FTA,FT%,ORB,DRB,TRB,AST,STL,BLK,TOV,PF,PTS
401,Josh Smith,PF,30,TOT,53,7,840,122,339,.360,38,135,.281,84,204,.412,.416,35,65,.538,51,138,189,82,29,47,75,109,317
401,Josh Smith,PF,30,LAC,32,1,459,69,180,.383,18,58,.310,51,122,.418,.433,25,42,.595,33,92,125,42,18,34,41,62,181
401,Josh Smith,PF,30,HOU,21,6,381,53,159,.333,20,77,.260,33,82,.402,.396,10,23,.435,18,46,64,40,11,13,34,47,136
402,Russ Smith,PG,24,MEM,15,0,66,7,22,.318,1,5,.200,6,17,.353,.341,8,13,.615,1,8,9,11,5,1,7,5,23
403,Tony Snell,SF,24,CHI,62,32,1232,120,323,.372,53,149,.356,67,174,.385,.454,25,28,.893,19,170,189,60,15,16,51,97,318
404,Marreese Speights,PF,28,GSW,71,0,820,192,447,.430,24,60,.400,168,387,.434,.456,92,112,.821,76,159,235,61,17,34,66,115,500
405,Tiago Splitter,C,31,ATL,36,2,579,81,155,.523,0,2,.000,81,153,.529,.523,39,48,.813,45,75,120,30,20,12,24,71,201
406,Nik Stauskas,SG,22,PHI,72,34,1772,204,532,.383,105,319,.329,99,213,.465,.482,91,118,.771,22,159,181,135,42,20,92,112,604
407,Lance Stephenson,SF,25,TOT,67,13,1314,216,449,.481,25,73,.342,191,376,.508,.509,83,106,.783,39,179,218,126,41,9,92,131,540
407,Lance Stephenson,SF,25,LAC,43,10,680,82,166,.494,19,47,.404,63,119,.529,.551,21,30,.700,19,89,108,60,24,3,48,79,204
407,Lance Stephenson,SF,25,MEM,24,3,634,134,283,.473,6,26,.231,128,257,.498,.484,62,76,.816,20,90,110,66,17,6,44,52,336
408,Alex Stepheson,PF,28,TOT,8,0,73,9,27,.333,0,0,,9,27,.333,.333,4,12,.333,19,9,28,2,1,5,0,12,22
408,Alex Stepheson,PF,28,LAC,4,0,12,1,1,1.000,0,0,,1,1,1.000,1.000,0,2,.000,1,1,2,0,0,2,0,4,2
408,Alex Stepheson,PF,28,MEM,4,0,61,8,26,.308,0,0,,8,26,.308,.308,4,10,.400,18,8,26,2,1,3,0,8,20
409,Jarnell Stokes,C,22,TOT,7,0,18,3,5,.600,0,0,,3,5,.600,.600,1,2,.500,1,3,4,1,1,0,0,1,7
409,Jarnell Stokes,C,22,MEM,2,0,4,0,0,,0,0,,0,0,,,0,0,,1,1,2,0,0,0,0,0,0
409,Jarnell Stokes,C,22,MIA,5,0,14,3,5,.600,0,0,,3,5,.600,.600,1,2,.500,0,2,2,1,1,0,0,1,7
410,Amar'e Stoudemire,C,33,MIA,51,36,756,123,218,.564,0,0,,123,218,.564,.564,50,67,.746,65,156,221,27,18,41,47,89,296
411,Rodney Stuckey,PG,29,IND,56,0,1227,175,425,.412,20,79,.253,155,346,.448,.435,125,150,.833,18,131,149,132,41,8,74,77,495
412,Jared Sullinger,PF,23,BOS,79,71,1875,346,791,.437,29,101,.287,317,690,.459,.456,103,161,.640,190,477,667,181,74,46,101,208,824
413,Walter Tavares,C,23,ATL,11,0,73,11,19,.579,0,0,,11,19,.579,.579,3,8,.375,7,14,21,3,1,6,5,8,25
414,Jeff Teague,PG,27,ATL,77,76,2196,419,964,.435,107,267,.401,312,697,.448,.490,257,306,.840,33,179,212,456,94,24,207,161,1202
415,Mirza Teletovic,PF,30,PHO,77,1,1624,314,738,.425,175,443,.395,139,295,.471,.544,114,149,.765,50,240,290,86,30,21,79,152,917
416,Garrett Temple,SF,29,WAS,78,43,1911,194,493,.394,84,251,.335,110,242,.455,.479,87,120,.725,35,171,206,138,68,17,57,194,559
417,Jason Terry,SG,38,HOU,70,7,1220,146,362,.403,88,249,.353,58,113,.513,.525,27,33,.818,14,61,75,98,46,9,49,90,407
418,Isaiah Thomas,PG,26,BOS,80,77,2589,581,1354,.429,164,458,.358,417,896,.465,.490,459,525,.874,45,192,237,499,89,9,213,162,1785
419,Lance Thomas,SF,27,NYK,59,5,1313,169,382,.442,44,109,.404,125,273,.458,.500,102,119,.857,34,97,131,53,22,7,57,109,484
420,Hollis Thompson,SG,24,PHI,75,17,2092,259,656,.395,143,378,.378,116,278,.417,.504,67,91,.736,54,215,269,96,34,23,74,182,728
Rk,Player,Pos,Age,Tm,G,GS,MP,FG,FGA,FG%,3P,3PA,3P%,2P,2PA,2P%,eFG%,FT,FTA,FT%,ORB,DRB,TRB,AST,STL,BLK,TOV,PF,PTS
421,Jason Thompson,C,29,TOT,45,6,435,47,94,.500,4,10,.400,43,84,.512,.521,34,48,.708,29,93,122,27,12,19,14,74,132
421,Jason Thompson,C,29,GSW,28,1,179,20,42,.476,0,0,,20,42,.476,.476,20,32,.625,10,44,54,19,4,8,7,40,60
421,Jason Thompson,C,29,TOR,17,5,256,27,52,.519,4,10,.400,23,42,.548,.558,14,16,.875,19,49,68,8,8,11,7,34,72
422,Klay Thompson,SG,25,GSW,79,79,2638,645,1373,.470,272,640,.425,373,733,.509,.569,193,221,.873,35,269,304,164,60,48,138,151,1755
423,Tristan Thompson,PF,24,CLE,80,32,2233,245,414,.592,0,0,,245,414,.592,.592,144,235,.613,266,462,728,61,35,50,61,199,634
424,Marcus Thornton,SG,28,TOT,59,6,1051,203,513,.396,88,260,.338,115,253,.455,.481,63,75,.840,35,102,137,80,44,4,48,88,557
424,Marcus Thornton,SG,28,HOU,47,6,885,174,435,.400,73,216,.338,101,219,.461,.484,51,58,.879,31,84,115,66,34,3,40,73,472
424,Marcus Thornton,SG,28,WAS,12,0,166,29,78,.372,15,44,.341,14,34,.412,.468,12,17,.706,4,18,22,14,10,1,8,15,85
425,Anthony Tolliver,PF,30,DET,70,4,1290,121,319,.379,92,261,.352,29,58,.500,.524,27,45,.600,38,181,219,51,26,16,26,85,361
426,Axel Toupane,SF,23,DEN,20,0,299,25,68,.368,13,38,.342,12,30,.400,.463,13,17,.765,8,22,30,15,7,6,6,39,76
427,Karl-Anthony Towns,C,20,MIN,80,80,2567,607,1120,.542,28,80,.350,579,1040,.557,.554,221,273,.810,226,610,836,157,56,135,179,239,1463
428,P.J. Tucker,SF,30,PHO,80,78,2475,228,562,.406,66,201,.328,162,361,.449,.464,101,135,.748,159,336,495,170,103,20,109,196,623
429,Evan Turner,SG,27,BOS,79,12,2211,330,724,.456,19,82,.232,311,642,.484,.469,144,174,.828,47,340,387,354,79,28,164,133,823
430,Myles Turner,C,19,IND,58,29,1327,257,516,.498,3,14,.214,254,502,.506,.501,85,117,.726,67,255,322,40,23,83,63,152,602
431,Beno Udrih,PG,33,TOT,44,5,707,86,198,.434,15,44,.341,71,154,.461,.472,18,20,.900,8,64,72,116,14,1,53,51,205
431,Beno Udrih,PG,33,MEM,8,0,120,20,46,.435,4,11,.364,16,35,.457,.478,3,3,1.000,2,7,9,26,3,1,11,11,47
431,Beno Udrih,PG,33,MIA,36,5,587,66,152,.434,11,33,.333,55,119,.462,.470,15,17,.882,6,57,63,90,11,0,42,40,158
432,Jonas Valanciunas,C,23,TOR,59,58,1540,295,520,.567,0,0,,295,520,.567,.567,161,212,.759,178,358,536,42,25,79,84,155,751
433,Anderson Varejao,C,33,TOT,52,0,494,53,122,.434,0,1,.000,53,121,.438,.434,32,50,.640,35,103,138,35,16,10,22,70,138
433,Anderson Varejao,C,33,CLE,31,0,310,32,76,.421,0,1,.000,32,75,.427,.421,16,21,.762,24,67,91,20,11,5,16,35,80
433,Anderson Varejao,C,33,GSW,21,0,184,21,46,.457,0,0,,21,46,.457,.457,16,29,.552,11,36,47,15,5,5,6,35,58
434,Greivis Vasquez,PG,29,MIL,21,0,421,41,126,.325,15,64,.234,26,62,.419,.385,22,26,.846,4,39,43,84,9,0,37,37,119
435,Rashad Vaughn,SG,19,MIL,68,4,937,76,246,.309,41,135,.304,35,111,.315,.392,11,13,.846,10,74,84,37,28,14,27,68,204
436,Charlie Villanueva,PF,31,DAL,61,4,650,122,322,.379,44,167,.263,78,155,.503,.447,22,24,.917,24,126,150,24,17,15,30,69,310
437,Noah Vonleh,PF,20,POR,77,56,1148,115,270,.426,11,43,.256,104,227,.458,.446,36,49,.735,90,210,300,29,26,23,48,148,277
438,Nikola Vucevic,C,25,ORL,64,59,2017,525,1033,.508,2,9,.222,523,1024,.511,.509,112,148,.757,173,398,571,178,53,70,123,171,1164
439,Sasha Vujacic,SG,31,NYK,60,24,886,104,269,.387,52,140,.371,52,129,.403,.483,32,39,.821,26,119,145,78,34,5,43,81,292
440,Dwyane Wade,SG,34,MIA,72,71,2193,527,1151,.458,7,42,.167,520,1109,.469,.461,317,400,.793,82,213,295,336,79,41,199,112,1378
Rk,Player,Pos,Age,Tm,G,GS,MP,FG,FGA,FG%,3P,3PA,3P%,2P,2PA,2P%,eFG%,FT,FTA,FT%,ORB,DRB,TRB,AST,STL,BLK,TOV,PF,PTS
441,Dion Waiters,SG,24,OKC,76,14,2093,275,677,.406,84,231,.364,191,446,.428,.468,102,145,.703,35,161,196,148,79,13,115,141,736
442,Kemba Walker,PG,25,CHO,79,79,2832,561,1310,.428,180,481,.374,381,829,.460,.497,367,433,.848,55,296,351,407,126,38,167,109,1669
443,John Wall,PG,25,WAS,77,77,2784,572,1349,.424,115,328,.351,457,1021,.448,.467,272,344,.791,42,337,379,789,145,59,318,159,1531
444,T.J. Warren,SF,22,PHO,47,4,1070,221,441,.501,28,70,.400,193,371,.520,.533,45,64,.703,57,90,147,44,37,16,32,94,515
445,C.J. Watson,PG,31,ORL,31,2,619,41,128,.320,14,47,.298,27,81,.333,.375,33,38,.868,9,55,64,82,18,5,22,48,129
446,Briante Weber,PG,23,TOT,7,4,169,14,39,.359,0,5,.000,14,34,.412,.359,3,4,.750,8,17,25,21,9,3,9,12,31
446,Briante Weber,PG,23,MEM,6,4,166,13,38,.342,0,5,.000,13,33,.394,.342,3,4,.750,8,16,24,20,9,3,9,11,29
446,Briante Weber,PG,23,MIA,1,0,3,1,1,1.000,0,0,,1,1,1.000,1.000,0,0,,0,1,1,1,0,0,0,1,2
447,Sonny Weems,SG-SF,29,TOT,43,0,499,42,110,.382,15,41,.366,27,69,.391,.450,8,15,.533,7,46,53,49,10,1,41,47,107
447,Sonny Weems,SG,29,PHO,36,0,421,35,89,.393,13,32,.406,22,57,.386,.466,7,13,.538,6,35,41,47,10,1,37,40,90
447,Sonny Weems,SF,29,PHI,7,0,78,7,21,.333,2,9,.222,5,12,.417,.381,1,2,.500,1,11,12,2,0,0,4,7,17
448,David West,PF,35,SAS,77,19,1374,241,437,.551,3,7,.429,238,430,.553,.555,61,78,.782,70,235,305,143,42,54,68,138,546
449,Russell Westbrook,PG,27,OKC,79,79,2722,651,1431,.455,101,336,.301,550,1095,.502,.490,462,568,.813,145,471,616,820,162,20,339,198,1865
450,Hassan Whiteside,C,26,MIA,71,41,2063,403,662,.609,0,0,,403,662,.609,.609,201,312,.644,231,616,847,30,41,262,133,195,1007
451,Shayne Whittington,PF,24,IND,6,0,17,2,4,.500,0,1,.000,2,3,.667,.500,0,0,,1,3,4,3,1,1,2,5,4
452,Andrew Wiggins,SG,20,MIN,79,79,2785,583,1273,.458,56,188,.298,527,1085,.486,.480,420,553,.759,106,182,288,161,77,44,178,161,1642
453,C.J. Wilcox,SG,25,LAC,21,0,133,15,50,.300,6,17,.353,9,33,.273,.360,9,12,.750,1,7,8,9,10,1,2,12,45
454,Alan Williams,PF,23,PHO,8,0,37,4,12,.333,0,0,,4,12,.333,.333,5,9,.556,8,12,20,3,2,2,3,11,13
455,Deron Williams,PG,31,DAL,63,61,2033,308,746,.413,93,269,.346,215,477,.451,.475,173,200,.865,19,165,184,365,60,14,145,150,882
456,Derrick Williams,PF,24,NYK,79,8,1403,246,554,.444,40,143,.280,206,411,.501,.480,193,255,.757,47,248,295,73,28,9,58,67,725
457,Elliot Williams,PG,26,MEM,5,0,45,2,10,.200,1,4,.250,1,6,.167,.250,3,4,.750,1,3,4,4,0,0,1,2,8
458,Lou Williams,SG,29,LAL,67,35,1907,283,693,.408,110,320,.344,173,373,.464,.488,352,424,.830,31,138,169,167,62,19,107,107,1028
459,Marvin Williams,PF,29,CHO,79,79,2300,328,729,.450,146,367,.398,182,362,.503,.550,119,142,.838,126,390,516,109,57,75,61,132,921
460,Mo Williams,PG,33,CLE,41,14,748,132,302,.437,36,102,.353,96,200,.480,.497,38,42,.905,6,66,72,98,14,5,57,60,338
Rk,Player,Pos,Age,Tm,G,GS,MP,FG,FGA,FG%,3P,3PA,3P%,2P,2PA,2P%,eFG%,FT,FTA,FT%,ORB,DRB,TRB,AST,STL,BLK,TOV,PF,PTS
461,Justise Winslow,SF,19,MIA,77,8,2204,192,457,.420,31,114,.272,161,343,.469,.454,80,117,.684,76,317,393,116,67,26,95,182,495
462,Jeff Withey,C,25,UTA,49,9,626,82,153,.536,0,2,.000,82,151,.543,.536,41,56,.732,54,108,162,19,20,52,27,72,205
463,Christian Wood,PF,20,PHI,16,0,125,20,48,.417,4,10,.400,16,38,.421,.458,9,13,.692,10,23,33,3,5,5,2,10,53
464,Metta World Peace,SF,36,LAL,34,5,567,52,167,.311,24,78,.308,28,89,.315,.383,36,53,.679,18,65,83,27,22,11,15,67,164
465,Brandan Wright,PF,28,MEM,12,2,212,35,52,.673,0,0,,35,52,.673,.673,13,24,.542,14,29,43,6,5,15,10,21,83
466,Delon Wright,PG,23,TOR,25,0,170,26,59,.441,5,10,.500,21,49,.429,.483,20,29,.690,6,24,30,19,7,0,13,6,77
467,Tony Wroten,PG,22,PHI,8,3,144,22,65,.338,3,17,.176,19,48,.396,.362,20,37,.541,2,19,21,20,3,0,29,11,67
468,James Young,SG,20,BOS,28,0,197,11,36,.306,6,26,.231,5,10,.500,.389,1,4,.250,4,22,26,9,6,1,5,17,29
469,Joseph Young,PG,23,IND,40,0,361,59,156,.378,9,41,.220,50,115,.435,.407,20,25,.800,6,40,46,58,14,0,30,30,147
470,Nick Young,SG,30,LAL,54,2,1033,126,372,.339,77,237,.325,49,135,.363,.442,63,76,.829,14,83,97,34,23,7,30,50,392
471,Thaddeus Young,PF,27,BRK,73,73,2407,495,963,.514,7,30,.233,488,933,.523,.518,105,163,.644,176,484,660,135,112,37,136,182,1102
472,Cody Zeller,C,23,CHO,72,59,1761,230,435,.529,1,10,.100,229,425,.539,.530,174,230,.757,137,315,452,71,56,63,68,203,635
473,Tyler Zeller,C,26,BOS,58,3,696,137,286,.479,0,0,,137,286,.479,.479,86,106,.811,62,114,176,29,10,21,46,97,360